{
  "n_epochs": 438593,
  "acc": 0.8113512983563349,
  "macro_f1": 0.7429226212746151,
  "kappa": 0.7102632345652611,
  "f1_per_class": {
    "Wake": 0.8942735045442594,
    "Light": 0.8034847529292811,
    "Deep": 0.5017434210526316,
    "REM": 0.7721888065722878
  },
  "cm": [
    [
      141149,
      16781,
      206,
      3653
    ],
    [
      11278,
      157342,
      17117,
      12443
    ],
    [
      137,
      12375,
      15253,
      323
    ],
    [
      1320,
      6971,
      136,
      42109
    ]
  ],
  "AUROC": 0.9479192636959703,
  "AUPRC": 0.7889445663010729,
  "ECE": 0.004159865131414442
}