{
  "model": "sleeppgnet",
  "cohort": "cfs",
  "seed": 42,
  "fold": 1,
  "best_epoch": 45,
  "best_val_macroF1": 0.6952186829957103,
  "test_metrics": {
    "n_epochs": 66584,
    "acc": 0.7342004085065481,
    "macro_f1": 0.7142860657779273,
    "kappa": 0.6186226444426779,
    "f1_per_class": {
      "Wake": 0.8573615230077489,
      "Light": 0.6981170427037714,
      "Deep": 0.6342830453059318,
      "REM": 0.6673826520942574
    },
    "cm": [
      [
        17924,
        2796,
        238,
        372
      ],
      [
        2288,
        18890,
        4802,
        1896
      ],
      [
        118,
        2191,
        6790,
        187
      ],
      [
        152,
        2364,
        294,
        5282
      ]
    ],
    "AUROC": 0.9144427426385109,
    "AUPRC": 0.7685453606516828,
    "ECE": 0.048310584542532314
  },
  "n_params_M": 2.26362,
  "wall_time_min": 121.96
}