{
  "n_epochs": 66880,
  "acc": 0.702825956937799,
  "macro_f1": 0.6803999144283399,
  "kappa": 0.5735614695503575,
  "f1_per_class": {
    "Wake": 0.828418970513823,
    "Light": 0.665717177017353,
    "Deep": 0.5733903106544389,
    "REM": 0.6540731995277449
  },
  "cm": [
    [
      18009,
      2432,
      282,
      415
    ],
    [
      3601,
      17762,
      4371,
      1965
    ],
    [
      386,
      3236,
      5971,
      224
    ],
    [
      344,
      2233,
      386,
      5263
    ]
  ],
  "AUROC": 0.8970328812796516,
  "AUPRC": 0.7337051810795133,
  "ECE": 0.02868747720472586
}