{
  "model": "v8",
  "cohort": "cfs",
  "seed": 1337,
  "fold": 2,
  "best_epoch": 38,
  "best_val_macroF1": 0.7266894340294998,
  "test_metrics": {
    "n_epochs": 66634,
    "acc": 0.7177416934297806,
    "macro_f1": 0.7017219680648102,
    "kappa": 0.5960732751937339,
    "f1_per_class": {
      "Wake": 0.8328455844379411,
      "Light": 0.6845090588688805,
      "Deep": 0.6180079219399092,
      "REM": 0.6715253070125101
    },
    "cm": [
      [
        16933,
        3120,
        96,
        512
      ],
      [
        2408,
        18645,
        4160,
        2647
      ],
      [
        363,
        2937,
        6397,
        197
      ],
      [
        298,
        1915,
        155,
        5851
      ]
    ],
    "AUROC": 0.903427018462239,
    "AUPRC": 0.7556176482108206,
    "ECE": 0.019875414198778876
  },
  "n_params_M": 27.215124,
  "wall_time_min": 1631.76
}