{
  "n_epochs": 440920,
  "acc": 0.7829039281502314,
  "macro_f1": 0.7300508578289938,
  "kappa": 0.6757039217552809,
  "f1_per_class": {
    "Wake": 0.8844754301977943,
    "Light": 0.7635343452201284,
    "Deep": 0.47069058275431824,
    "REM": 0.8015030731437339
  },
  "cm": [
    [
      141708,
      18081,
      2000,
      2844
    ],
    [
      12108,
      141657,
      35491,
      7655
    ],
    [
      228,
      7371,
      20560,
      166
    ],
    [
      1757,
      7036,
      985,
      41273
    ]
  ],
  "AUROC": 0.9386851532329104,
  "AUPRC": 0.7734569038671724,
  "ECE": 0.04842319851922846
}