{
  "model": "v8",
  "cohort": "mesa",
  "seed": 1337,
  "fold": 4,
  "best_epoch": 39,
  "best_val_macroF1": 0.7379298883492544,
  "test_metrics": {
    "n_epochs": 448726,
    "acc": 0.8173161350133489,
    "macro_f1": 0.7468915050999279,
    "kappa": 0.7186748939953577,
    "f1_per_class": {
      "Wake": 0.9003649218505372,
      "Light": 0.8046842605446084,
      "Deep": 0.5073910915320607,
      "REM": 0.7751257464725053
    },
    "cm": [
      [
        153835,
        16754,
        342,
        3475
      ],
      [
        11604,
        156221,
        17905,
        11017
      ],
      [
        236,
        11260,
        15549,
        300
      ],
      [
        1636,
        7297,
        149,
        41146
      ]
    ],
    "AUROC": 0.9501155077281225,
    "AUPRC": 0.7906244239040336,
    "ECE": 0.002641601407324374
  },
  "n_params_M": 27.215124,
  "wall_time_min": 839.08
}