{
  "model": "insightsleepnet",
  "cohort": "mesa",
  "seed": 42,
  "fold": 3,
  "best_epoch": 45,
  "best_val_macroF1": 0.7281970536673923,
  "test_metrics": {
    "n_epochs": 438593,
    "acc": 0.7839728404238098,
    "macro_f1": 0.7146947175977584,
    "kappa": 0.6683234615158042,
    "f1_per_class": {
      "Wake": 0.8644480365123135,
      "Light": 0.779344954287846,
      "Deep": 0.4790231371044423,
      "REM": 0.7359627424864317
    },
    "cm": [
      [
        136371,
        20360,
        416,
        4642
      ],
      [
        14903,
        152503,
        16603,
        14171
      ],
      [
        768,
        12557,
        14358,
        405
      ],
      [
        1679,
        7762,
        482,
        40613
      ]
    ],
    "AUROC": 0.9338963547625764,
    "AUPRC": 0.760833783346108,
    "ECE": 0.009239364709723401
  },
  "n_params_M": 0.751529,
  "wall_time_min": 109.96
}