{
  "n_epochs": 443764,
  "acc": 0.8099305036010132,
  "macro_f1": 0.744228895869218,
  "kappa": 0.7087188989616994,
  "f1_per_class": {
    "Wake": 0.8933203552743643,
    "Light": 0.7981714132311831,
    "Deep": 0.5134105672424966,
    "REM": 0.7720132477288286
  },
  "cm": [
    [
      146844,
      16636,
      188,
      3986
    ],
    [
      12878,
      154607,
      17309,
      11605
    ],
    [
      261,
      12430,
      16242,
      409
    ],
    [
      1123,
      7331,
      190,
      41725
    ]
  ],
  "AUROC": 0.9485250838438832,
  "AUPRC": 0.7920040734863572,
  "ECE": 0.015454579377721099
}