{
  "model": "wang_dualstream",
  "cohort": "cfs",
  "seed": 42,
  "fold": 1,
  "best_epoch": 49,
  "best_val_macroF1": 0.6971866513401931,
  "test_metrics": {
    "n_epochs": 66584,
    "acc": 0.7224858824942929,
    "macro_f1": 0.7109110032623939,
    "kappa": 0.6091148308093168,
    "f1_per_class": {
      "Wake": 0.8588658642511479,
      "Light": 0.6795780070845525,
      "Deep": 0.6152420662497105,
      "REM": 0.6899580754641644
    },
    "cm": [
      [
        17304,
        3077,
        553,
        396
      ],
      [
        1378,
        17650,
        7525,
        1323
      ],
      [
        77,
        1209,
        7968,
        32
      ],
      [
        206,
        2132,
        570,
        5184
      ]
    ],
    "AUROC": 0.9198317750957458,
    "AUPRC": 0.7957319585579212,
    "ECE": 0.04864083987459403
  },
  "n_params_M": 14.864582,
  "wall_time_min": 46.9
}