{
  "model": "enc_single_card",
  "cohort": "cfs",
  "seed": 42,
  "fold": 4,
  "best_epoch": 36,
  "best_val_macroF1": 0.7044627277780036,
  "test_metrics": {
    "n_epochs": 66657,
    "acc": 0.7343114751638987,
    "macro_f1": 0.718527232328165,
    "kappa": 0.6199138946058798,
    "f1_per_class": {
      "Wake": 0.8438319899780179,
      "Light": 0.697268702633751,
      "Deep": 0.6514845258949827,
      "REM": 0.6815237108059082
    },
    "cm": [
      [
        17850,
        3777,
        368,
        383
      ],
      [
        1716,
        18585,
        4793,
        1671
      ],
      [
        180,
        1960,
        7252,
        153
      ],
      [
        183,
        2221,
        305,
        5260
      ]
    ],
    "AUROC": 0.9150257881507861,
    "AUPRC": 0.784215425369144,
    "ECE": 0.02162326435778317
  },
  "n_params_M": 27.191988,
  "wall_time_min": 96.73
}