{
  "n_epochs": 66634,
  "acc": 0.712173965242969,
  "macro_f1": 0.6978920560634448,
  "kappa": 0.5918032728841753,
  "f1_per_class": {
    "Wake": 0.8314161842467984,
    "Light": 0.677492461276245,
    "Deep": 0.6252354048964218,
    "REM": 0.6574241738343143
  },
  "cm": [
    [
      16588,
      3106,
      297,
      670
    ],
    [
      2094,
      18086,
      4931,
      2749
    ],
    [
      243,
      2454,
      6972,
      225
    ],
    [
      317,
      1885,
      208,
      5809
    ]
  ],
  "AUROC": 0.9026296544397773,
  "AUPRC": 0.7523845579347826,
  "ECE": 0.032319081610257476
}