{
  "n_epochs": 66880,
  "acc": 0.7319527511961722,
  "macro_f1": 0.7030679841777772,
  "kappa": 0.6117716070789617,
  "f1_per_class": {
    "Wake": 0.8646259463017821,
    "Light": 0.7022102425876011,
    "Deep": 0.5586051017113336,
    "REM": 0.686830646110392
  },
  "cm": [
    [
      18388,
      2259,
      125,
      366
    ],
    [
      2598,
      19539,
      3288,
      2274
    ],
    [
      238,
      4097,
      5190,
      292
    ],
    [
      172,
      2056,
      162,
      5836
    ]
  ],
  "AUROC": 0.9075533875817938,
  "AUPRC": 0.7515884147994776,
  "ECE": 0.05161477469585159
}