{
  "n_epochs": 448726,
  "acc": 0.8138373974318404,
  "macro_f1": 0.7467582478937662,
  "kappa": 0.7149345733284522,
  "f1_per_class": {
    "Wake": 0.9005257573832119,
    "Light": 0.7998934020527867,
    "Deep": 0.5194910497099731,
    "REM": 0.767122782429093
  },
  "cm": [
    [
      152355,
      17968,
      383,
      3700
    ],
    [
      10049,
      154579,
      19566,
      12553
    ],
    [
      150,
      10164,
      16658,
      373
    ],
    [
      1409,
      7041,
      180,
      41598
    ]
  ],
  "AUROC": 0.9510101329268147,
  "AUPRC": 0.7950733044708922,
  "ECE": 0.007748913324758901
}