{
  "model": "v8_full_with_ultradian",
  "cohort": "cfs",
  "seed": 42,
  "fold": 4,
  "best_epoch": 35,
  "best_val_macroF1": 0.7077699081685552,
  "test_metrics": {
    "n_epochs": 66657,
    "acc": 0.7483085047331863,
    "macro_f1": 0.725932344041484,
    "kappa": 0.6409721772799382,
    "f1_per_class": {
      "Wake": 0.8675664182278028,
      "Light": 0.7063284212172145,
      "Deep": 0.6486010565447075,
      "REM": 0.6812334801762114
    },
    "cm": [
      [
        19381,
        2375,
        150,
        472
      ],
      [
        2451,
        18070,
        3824,
        2420
      ],
      [
        234,
        2316,
        6630,
        365
      ],
      [
        235,
        1640,
        295,
        5799
      ]
    ],
    "AUROC": 0.9219820826025378,
    "AUPRC": 0.7933010710497799,
    "ECE": 0.011056562785631444
  },
  "n_params_M": 27.365268,
  "wall_time_min": 132.67
}