{
  "model": "wang_dualstream",
  "cohort": "mesa",
  "seed": 42,
  "fold": 1,
  "best_epoch": 36,
  "best_val_macroF1": 0.7097265939647472,
  "test_metrics": {
    "n_epochs": 443764,
    "acc": 0.7559693891347653,
    "macro_f1": 0.7052074247959831,
    "kappa": 0.6363139684860553,
    "f1_per_class": {
      "Wake": 0.8499631458806185,
      "Light": 0.7476187492166938,
      "Deep": 0.4606112016429672,
      "REM": 0.762636602443653
    },
    "cm": [
      [
        130882,
        28228,
        1671,
        6873
      ],
      [
        7925,
        143166,
        36593,
        8715
      ],
      [
        265,
        8219,
        20634,
        224
      ],
      [
        1245,
        6980,
        1354,
        40790
      ]
    ],
    "AUROC": 0.9266090762835032,
    "AUPRC": 0.7567347873484149,
    "ECE": 0.05422993476745314
  },
  "n_params_M": 14.864582,
  "wall_time_min": 272.82
}