{
  "n_epochs": 66657,
  "acc": 0.732181166269109,
  "macro_f1": 0.7076238791309926,
  "kappa": 0.6149467775882375,
  "f1_per_class": {
    "Wake": 0.8490381480273883,
    "Light": 0.6863891532798508,
    "Deep": 0.6508197538246874,
    "REM": 0.6442484613920437
  },
  "cm": [
    [
      19530,
      2314,
      222,
      312
    ],
    [
      3375,
      17668,
      3472,
      2250
    ],
    [
      329,
      2533,
      6530,
      153
    ],
    [
      393,
      2201,
      298,
      5077
    ]
  ],
  "AUROC": 0.9113698627631678,
  "AUPRC": 0.7698796171084008,
  "ECE": 0.02476780014507576
}