{
  "n_epochs": 448726,
  "acc": 0.8203692230893685,
  "macro_f1": 0.7486220683975855,
  "kappa": 0.7237703379137806,
  "f1_per_class": {
    "Wake": 0.9044002510072545,
    "Light": 0.8075553123612674,
    "Deep": 0.50546534193634,
    "REM": 0.7770673682854803
  },
  "cm": [
    [
      154212,
      16130,
      329,
      3735
    ],
    [
      10856,
      156438,
      17252,
      12201
    ],
    [
      178,
      11627,
      15237,
      303
    ],
    [
      1374,
      6494,
      126,
      42234
    ]
  ],
  "AUROC": 0.951500660116364,
  "AUPRC": 0.7938181527549322,
  "ECE": 0.0067939153041851625
}