{
  "n_epochs": 66918,
  "acc": 0.5566514241310261,
  "macro_f1": 0.5249631090164605,
  "kappa": 0.372365624519434,
  "f1_per_class": {
    "Wake": 0.7107346713312466,
    "Light": 0.518575123442276,
    "Deep": 0.4415344891184064,
    "REM": 0.429008152173913
  },
  "cm": [
    [
      15440,
      5342,
      447,
      1699
    ],
    [
      3533,
      13233,
      4599,
      3666
    ],
    [
      736,
      4925,
      4788,
      1016
    ],
    [
      811,
      2505,
      389,
      3789
    ]
  ],
  "AUROC": 0.791095904399291,
  "AUPRC": 0.5357523293794137,
  "ECE": 0.03804153093783197
}