{
  "n_epochs": 440920,
  "acc": 0.8132586410233149,
  "macro_f1": 0.747949110294835,
  "kappa": 0.7141165537840541,
  "f1_per_class": {
    "Wake": 0.8971788828586167,
    "Light": 0.8012437798064427,
    "Deep": 0.5165367937661007,
    "REM": 0.7768369847481804
  },
  "cm": [
    [
      145225,
      15644,
      243,
      3521
    ],
    [
      12466,
      154737,
      17628,
      12080
    ],
    [
      186,
      11765,
      16141,
      233
    ],
    [
      1227,
      7185,
      160,
      42479
    ]
  ],
  "AUROC": 0.9512891044856389,
  "AUPRC": 0.7960916334503979,
  "ECE": 0.0037679957907407286
}