{
  "model": "v8",
  "cohort": "mesa",
  "seed": 2024,
  "fold": 1,
  "best_epoch": 48,
  "best_val_macroF1": 0.749244075491445,
  "test_metrics": {
    "n_epochs": 443764,
    "acc": 0.8100386692025491,
    "macro_f1": 0.7438218967607978,
    "kappa": 0.7090490116966337,
    "f1_per_class": {
      "Wake": 0.8942632032500307,
      "Light": 0.7994029942607438,
      "Deep": 0.5124116572699119,
      "REM": 0.7692097322625049
    },
    "cm": [
      [
        145282,
        17963,
        191,
        4218
      ],
      [
        10903,
        155862,
        17172,
        12462
      ],
      [
        231,
        12521,
        16132,
        458
      ],
      [
        850,
        7201,
        128,
        42190
      ]
    ],
    "AUROC": 0.9488910661433964,
    "AUPRC": 0.7899234003190478,
    "ECE": 0.013908436876499041
  },
  "n_params_M": 27.215124,
  "wall_time_min": 840.17
}