{
  "n_epochs": 66657,
  "acc": 0.7080126618359662,
  "macro_f1": 0.6795242920317449,
  "kappa": 0.5789535840144145,
  "f1_per_class": {
    "Wake": 0.8294875118831561,
    "Light": 0.6644490001160407,
    "Deep": 0.6152578518805738,
    "REM": 0.6089028042472093
  },
  "cm": [
    [
      19196,
      2697,
      265,
      220
    ],
    [
      3926,
      17178,
      3943,
      1718
    ],
    [
      337,
      2549,
      6347,
      312
    ],
    [
      447,
      2517,
      532,
      4473
    ]
  ],
  "AUROC": 0.897639175152572,
  "AUPRC": 0.7368154230956978,
  "ECE": 0.03011969271127094
}