{
  "n_epochs": 448726,
  "acc": 0.8138240262431863,
  "macro_f1": 0.7409711473084839,
  "kappa": 0.7131454109019547,
  "f1_per_class": {
    "Wake": 0.9003657884041275,
    "Light": 0.7998991650246686,
    "Deep": 0.4816305748699264,
    "REM": 0.781989060935213
  },
  "cm": [
    [
      153963,
      17245,
      370,
      2828
    ],
    [
      11613,
      155482,
      19782,
      9870
    ],
    [
      164,
      11728,
      15135,
      318
    ],
    [
      1855,
      7552,
      217,
      40604
    ]
  ],
  "AUROC": 0.9479744270665316,
  "AUPRC": 0.7869340759097645,
  "ECE": 0.04834638080061169
}