{
  "model": "v8",
  "cohort": "cfs",
  "seed": 1337,
  "fold": 1,
  "best_epoch": 46,
  "best_val_macroF1": 0.6898395216398379,
  "test_metrics": {
    "n_epochs": 66584,
    "acc": 0.7333593656133606,
    "macro_f1": 0.7139297768125341,
    "kappa": 0.6211825947756139,
    "f1_per_class": {
      "Wake": 0.8650432952207817,
      "Light": 0.6906389867631654,
      "Deep": 0.6460921843687375,
      "REM": 0.6539446408974514
    },
    "cm": [
      [
        18082,
        2402,
        375,
        471
      ],
      [
        2123,
        18131,
        5260,
        2362
      ],
      [
        117,
        1801,
        7254,
        114
      ],
      [
        154,
        2295,
        280,
        5363
      ]
    ],
    "AUROC": 0.9183436129195104,
    "AUPRC": 0.7793516641772893,
    "ECE": 0.012638267931293069
  },
  "n_params_M": 27.215124,
  "wall_time_min": 142.46
}