{
  "n_epochs": 66634,
  "acc": 0.6889425818651139,
  "macro_f1": 0.6654066285126295,
  "kappa": 0.5505011594737754,
  "f1_per_class": {
    "Wake": 0.7960114513076811,
    "Light": 0.6696731767792011,
    "Deep": 0.5920023181686467,
    "REM": 0.6039395677949894
  },
  "cm": [
    [
      16405,
      3619,
      241,
      396
    ],
    [
      3180,
      18636,
      4012,
      2032
    ],
    [
      458,
      3004,
      6129,
      303
    ],
    [
      514,
      2538,
      430,
      4737
    ]
  ],
  "AUROC": 0.8766276476084872,
  "AUPRC": 0.7002850748808516,
  "ECE": 0.034044899658935396
}