{
  "model": "v8",
  "cohort": "cfs",
  "seed": 42,
  "fold": 3,
  "best_epoch": 41,
  "best_val_macroF1": 0.7299090939103914,
  "test_metrics": {
    "n_epochs": 66880,
    "acc": 0.7430023923444976,
    "macro_f1": 0.7269302299290722,
    "kappa": 0.6294863108452309,
    "f1_per_class": {
      "Wake": 0.8547452159782689,
      "Light": 0.7107961290786776,
      "Deep": 0.6377700081421523,
      "REM": 0.7044095665171898
    },
    "cm": [
      [
        17621,
        2997,
        149,
        371
      ],
      [
        2074,
        19758,
        4170,
        1697
      ],
      [
        181,
        2871,
        6658,
        107
      ],
      [
        217,
        2269,
        85,
        5655
      ]
    ],
    "AUROC": 0.9206383069190099,
    "AUPRC": 0.789568261661765,
    "ECE": 0.009302892595636502
  },
  "n_params_M": 27.215124,
  "wall_time_min": 1632.75
}