{
  "model": "wang_dualstream",
  "cohort": "cfs",
  "seed": 42,
  "fold": 4,
  "best_epoch": 47,
  "best_val_macroF1": 0.7293958203215201,
  "test_metrics": {
    "n_epochs": 66657,
    "acc": 0.7604302623880462,
    "macro_f1": 0.745264365276102,
    "kappa": 0.6556934805248271,
    "f1_per_class": {
      "Wake": 0.865233492909403,
      "Light": 0.7223044517818512,
      "Deep": 0.629528632645111,
      "REM": 0.7639908837680426
    },
    "cm": [
      [
        19158,
        2686,
        286,
        248
      ],
      [
        2266,
        19032,
        4040,
        1427
      ],
      [
        139,
        2824,
        6464,
        118
      ],
      [
        343,
        1391,
        201,
        6034
      ]
    ],
    "AUROC": 0.9286620086554513,
    "AUPRC": 0.8128739839695311,
    "ECE": 0.04633930787049103
  },
  "n_params_M": 14.864582,
  "wall_time_min": 47.18
}