{
  "n_epochs": 440920,
  "acc": 0.8077814569536423,
  "macro_f1": 0.7424492778945264,
  "kappa": 0.7063610504192142,
  "f1_per_class": {
    "Wake": 0.8911500514477997,
    "Light": 0.7951532919564607,
    "Deep": 0.49220496894409943,
    "REM": 0.7912887992297464
  },
  "cm": [
    [
      144201,
      16734,
      379,
      3319
    ],
    [
      13090,
      152970,
      19575,
      11276
    ],
    [
      164,
      12050,
      15849,
      262
    ],
    [
      1541,
      6091,
      272,
      43147
    ]
  ],
  "AUROC": 0.9481849388898949,
  "AUPRC": 0.7894969241645552,
  "ECE": 0.03781882661274716
}