{
  "model": "insightsleepnet",
  "cohort": "mesa",
  "seed": 42,
  "fold": 2,
  "best_epoch": 49,
  "best_val_macroF1": 0.7176919881592607,
  "test_metrics": {
    "n_epochs": 440920,
    "acc": 0.7898689104599473,
    "macro_f1": 0.7257188149478249,
    "kappa": 0.6791901262625197,
    "f1_per_class": {
      "Wake": 0.8716337636041508,
      "Light": 0.7815995855623886,
      "Deep": 0.4952308641389456,
      "REM": 0.7544110464858145
    },
    "cm": [
      [
        137753,
        21306,
        530,
        5044
      ],
      [
        12498,
        152383,
        18358,
        13672
      ],
      [
        147,
        12155,
        15654,
        369
      ],
      [
        1049,
        7171,
        352,
        42479
      ]
    ],
    "AUROC": 0.9414173642820203,
    "AUPRC": 0.7778720076437523,
    "ECE": 0.00672138530024597
  },
  "n_params_M": 0.751529,
  "wall_time_min": 107.89
}