{
  "n_epochs": 448726,
  "acc": 0.8108199658588983,
  "macro_f1": 0.7456123713014622,
  "kappa": 0.7116959831135599,
  "f1_per_class": {
    "Wake": 0.900120180595706,
    "Light": 0.7944845082333044,
    "Deep": 0.478326943185779,
    "REM": 0.8095178531910595
  },
  "cm": [
    [
      152416,
      18524,
      737,
      2729
    ],
    [
      9764,
      152199,
      26109,
      8675
    ],
    [
      267,
      9692,
      17154,
      232
    ],
    [
      1804,
      5977,
      380,
      42067
    ]
  ],
  "AUROC": 0.9423708336608643,
  "AUPRC": 0.7817627558283762,
  "ECE": 0.05699616770384394
}