{
  "model": "dca_sleep",
  "cohort": "cfs",
  "seed": 42,
  "fold": 0,
  "best_epoch": 26,
  "best_val_macroF1": 0.6578466410750791,
  "test_metrics": {
    "n_epochs": 66918,
    "acc": 0.673271765444275,
    "macro_f1": 0.6430972724385257,
    "kappa": 0.5306544869458947,
    "f1_per_class": {
      "Wake": 0.8105088189121803,
      "Light": 0.6396270224449931,
      "Deep": 0.541638873210529,
      "REM": 0.5806143751864002
    },
    "cm": [
      [
        17554,
        4355,
        123,
        896
      ],
      [
        2260,
        17355,
        2530,
        2886
      ],
      [
        343,
        5222,
        5278,
        622
      ],
      [
        231,
        2303,
        93,
        4867
      ]
    ],
    "AUROC": 0.8790445245732516,
    "AUPRC": 0.6996652009424034,
    "ECE": 0.012217821453868134
  },
  "n_params_M": 33.322404,
  "wall_time_min": 62.71
}