{
  "model": "dca_sleep",
  "cohort": "cfs",
  "seed": 42,
  "fold": 2,
  "best_epoch": 40,
  "best_val_macroF1": 0.6642171561183948,
  "test_metrics": {
    "n_epochs": 66634,
    "acc": 0.6688627427439445,
    "macro_f1": 0.6500763771406681,
    "kappa": 0.528408557936277,
    "f1_per_class": {
      "Wake": 0.8019882378995546,
      "Light": 0.6355035548340144,
      "Deep": 0.5442816825695471,
      "REM": 0.6185320332595561
    },
    "cm": [
      [
        16296,
        3179,
        264,
        922
      ],
      [
        2833,
        17028,
        5785,
        2214
      ],
      [
        353,
        3274,
        6075,
        192
      ],
      [
        496,
        2248,
        305,
        5170
      ]
    ],
    "AUROC": 0.875616700131754,
    "AUPRC": 0.6898959537152253,
    "ECE": 0.058278750103268585
  },
  "n_params_M": 33.322404,
  "wall_time_min": 82.52
}