{
  "model": "wang_dualstream",
  "cohort": "cfs",
  "seed": 42,
  "fold": 2,
  "best_epoch": 40,
  "best_val_macroF1": 0.7193582529583247,
  "test_metrics": {
    "n_epochs": 66634,
    "acc": 0.7294774439475343,
    "macro_f1": 0.7076603945559377,
    "kappa": 0.6080314180745662,
    "f1_per_class": {
      "Wake": 0.8408041017310522,
      "Light": 0.7125899029397388,
      "Deep": 0.6115075602574979,
      "REM": 0.6657400132954615
    },
    "cm": [
      [
        16563,
        3141,
        110,
        847
      ],
      [
        1793,
        20410,
        3826,
        1831
      ],
      [
        140,
        3485,
        6127,
        142
      ],
      [
        241,
        2388,
        82,
        5508
      ]
    ],
    "AUROC": 0.9111126418311737,
    "AUPRC": 0.7682679182022223,
    "ECE": 0.036749883836562004
  },
  "n_params_M": 14.864582,
  "wall_time_min": 47.11
}