{
  "n_epochs": 66918,
  "acc": 0.6980035267043248,
  "macro_f1": 0.6809037683859802,
  "kappa": 0.5688103334106891,
  "f1_per_class": {
    "Wake": 0.8111052377559698,
    "Light": 0.6582336269045672,
    "Deep": 0.5967990294433297,
    "REM": 0.6574771794400539
  },
  "cm": [
    [
      17646,
      4274,
      302,
      706
    ],
    [
      2211,
      17302,
      3179,
      2339
    ],
    [
      450,
      4202,
      6395,
      418
    ],
    [
      276,
      1762,
      90,
      5366
    ]
  ],
  "AUROC": 0.8958858283405768,
  "AUPRC": 0.7468301320722011,
  "ECE": 0.05631437494189795
}