{
  "model": "v8",
  "cohort": "cfs",
  "seed": 1337,
  "fold": 4,
  "best_epoch": 31,
  "best_val_macroF1": 0.7119360822643286,
  "test_metrics": {
    "n_epochs": 66657,
    "acc": 0.747123332883268,
    "macro_f1": 0.7296885996189739,
    "kappa": 0.6365061212722131,
    "f1_per_class": {
      "Wake": 0.8485386910863574,
      "Light": 0.7116414084294653,
      "Deep": 0.6534476775888564,
      "REM": 0.7051266213712168
    },
    "cm": [
      [
        18625,
        3118,
        204,
        431
      ],
      [
        2524,
        18877,
        3545,
        1819
      ],
      [
        202,
        2489,
        6591,
        263
      ],
      [
        170,
        1803,
        288,
        5708
      ]
    ],
    "AUROC": 0.9182763753142995,
    "AUPRC": 0.7890052672535256,
    "ECE": 0.009267366642727128
  },
  "n_params_M": 27.215124,
  "wall_time_min": 1380.55
}