{
  "n_epochs": 66880,
  "acc": 0.7285137559808612,
  "macro_f1": 0.7140754020963156,
  "kappa": 0.6125201641995572,
  "f1_per_class": {
    "Wake": 0.8494873283033468,
    "Light": 0.6899063475546307,
    "Deep": 0.6163321167883211,
    "REM": 0.7005758157389637
  },
  "cm": [
    [
      17564,
      2906,
      180,
      488
    ],
    [
      2168,
      18564,
      4972,
      1995
    ],
    [
      244,
      2695,
      6755,
      123
    ],
    [
      238,
      1952,
      196,
      5840
    ]
  ],
  "AUROC": 0.9143118362825327,
  "AUPRC": 0.7779683724285604,
  "ECE": 0.020700988812933554
}