{
  "model": "sleeppgnet",
  "cohort": "cfs",
  "seed": 42,
  "fold": 2,
  "best_epoch": 39,
  "best_val_macroF1": 0.702879441070765,
  "test_metrics": {
    "n_epochs": 66634,
    "acc": 0.712173965242969,
    "macro_f1": 0.6899274239938682,
    "kappa": 0.5850828687690179,
    "f1_per_class": {
      "Wake": 0.8288696089525965,
      "Light": 0.6922338382760829,
      "Deep": 0.5999900729637168,
      "REM": 0.6386161757830763
    },
    "cm": [
      [
        16480,
        3337,
        244,
        600
      ],
      [
        2091,
        19467,
        3828,
        2474
      ],
      [
        236,
        3259,
        6044,
        355
      ],
      [
        297,
        2321,
        137,
        5464
      ]
    ],
    "AUROC": 0.9019679596463681,
    "AUPRC": 0.7474004325432279,
    "ECE": 0.05893233316535476
  },
  "n_params_M": 2.26362,
  "wall_time_min": 118.78
}