{
  "n_epochs": 66584,
  "acc": 0.7105610957587408,
  "macro_f1": 0.6890734854481033,
  "kappa": 0.5887406366194051,
  "f1_per_class": {
    "Wake": 0.8516125910333648,
    "Light": 0.6679041575906809,
    "Deep": 0.6211880080863693,
    "REM": 0.6155891850819983
  },
  "cm": [
    [
      17599,
      2869,
      380,
      482
    ],
    [
      2035,
      17631,
      6026,
      2184
    ],
    [
      136,
      1755,
      7221,
      174
    ],
    [
      231,
      2664,
      336,
      4861
    ]
  ],
  "AUROC": 0.9098168515275871,
  "AUPRC": 0.7622154049532855,
  "ECE": 0.01976924142396881
}