{
  "n_epochs": 66880,
  "acc": 0.7284838516746411,
  "macro_f1": 0.7110840661808435,
  "kappa": 0.608920415541476,
  "f1_per_class": {
    "Wake": 0.8394056784190652,
    "Light": 0.7000770457436706,
    "Deep": 0.6132320607635419,
    "REM": 0.6916214797970964
  },
  "cm": [
    [
      17118,
      3316,
      131,
      573
    ],
    [
      2070,
      19536,
      3817,
      2276
    ],
    [
      207,
      3329,
      6136,
      145
    ],
    [
      253,
      1931,
      111,
      5931
    ]
  ],
  "AUROC": 0.9146144343623815,
  "AUPRC": 0.777183304076505,
  "ECE": 0.016055345967964547
}