{
  "model": "sleeppgnet",
  "cohort": "cfs",
  "seed": 42,
  "fold": 4,
  "best_epoch": 41,
  "best_val_macroF1": 0.7009567795928303,
  "test_metrics": {
    "n_epochs": 66657,
    "acc": 0.7359167079226487,
    "macro_f1": 0.7132111296236712,
    "kappa": 0.6202976605757359,
    "f1_per_class": {
      "Wake": 0.8570046184297339,
      "Light": 0.6902538776140135,
      "Deep": 0.6269746002784847,
      "REM": 0.6786114221724524
    },
    "cm": [
      [
        19484,
        2312,
        355,
        227
      ],
      [
        3159,
        17890,
        4066,
        1650
      ],
      [
        209,
        2623,
        6529,
        184
      ],
      [
        240,
        2246,
        332,
        5151
      ]
    ],
    "AUROC": 0.9156074282464948,
    "AUPRC": 0.7844089179086118,
    "ECE": 0.055706098455978355
  },
  "n_params_M": 2.26362,
  "wall_time_min": 125.41
}