{
  "model": "enc_dual_same",
  "cohort": "cfs",
  "seed": 42,
  "fold": 0,
  "best_epoch": 37,
  "best_val_macroF1": 0.7210199427598103,
  "test_metrics": {
    "n_epochs": 66918,
    "acc": 0.7192982456140351,
    "macro_f1": 0.7077196598728724,
    "kappa": 0.6017465024368218,
    "f1_per_class": {
      "Wake": 0.8356968782638969,
      "Light": 0.6658585700600208,
      "Deep": 0.6516881623264602,
      "REM": 0.6776350288411117
    },
    "cm": [
      [
        18003,
        3999,
        259,
        667
      ],
      [
        1741,
        17029,
        4516,
        1745
      ],
      [
        266,
        3085,
        7933,
        181
      ],
      [
        147,
        2005,
        173,
        5169
      ]
    ],
    "AUROC": 0.9098944226875532,
    "AUPRC": 0.7649138523765756,
    "ECE": 0.0191809799051309
  },
  "n_params_M": 27.215124,
  "wall_time_min": 137.62
}