{
  "n_epochs": 66880,
  "acc": 0.7228767942583733,
  "macro_f1": 0.6988127057933813,
  "kappa": 0.5993983626537427,
  "f1_per_class": {
    "Wake": 0.8424743060224763,
    "Light": 0.6974579305406373,
    "Deep": 0.5879757874217708,
    "REM": 0.6673427991886409
  },
  "cm": [
    [
      17542,
      2784,
      109,
      703
    ],
    [
      2496,
      19480,
      3617,
      2106
    ],
    [
      262,
      3690,
      5731,
      134
    ],
    [
      206,
      2207,
      220,
      5593
    ]
  ],
  "AUROC": 0.9108512836419078,
  "AUPRC": 0.7644540478451123,
  "ECE": 0.018731166459352636
}