{
  "n_epochs": 66918,
  "acc": 0.6463731731372725,
  "macro_f1": 0.6163240928857455,
  "kappa": 0.4976568047983594,
  "f1_per_class": {
    "Wake": 0.7953128359492583,
    "Light": 0.5812025589862794,
    "Deep": 0.5688326228308144,
    "REM": 0.5199483537766301
  },
  "cm": [
    [
      18495,
      3329,
      230,
      874
    ],
    [
      3843,
      14127,
      4551,
      2510
    ],
    [
      596,
      3679,
      6605,
      585
    ],
    [
      648,
      2447,
      372,
      4027
    ]
  ],
  "AUROC": 0.8566123176920295,
  "AUPRC": 0.6455199544696116,
  "ECE": 0.029059355961766616
}