{
  "model": "sleeppgnet",
  "cohort": "mesa",
  "seed": 42,
  "fold": 3,
  "best_epoch": 40,
  "best_val_macroF1": 0.7445505286556504,
  "test_metrics": {
    "n_epochs": 438593,
    "acc": 0.8122587455796149,
    "macro_f1": 0.7426246317163905,
    "kappa": 0.7108772458637105,
    "f1_per_class": {
      "Wake": 0.8937520420216644,
      "Light": 0.8040649639188538,
      "Deep": 0.48626096026598004,
      "REM": 0.7864205606590635
    },
    "cm": [
      [
        142246,
        16159,
        394,
        2990
      ],
      [
        12600,
        157610,
        17683,
        10287
      ],
      [
        377,
        12600,
        14918,
        193
      ],
      [
        1300,
        7484,
        275,
        41477
      ]
    ],
    "AUROC": 0.9461990009736762,
    "AUPRC": 0.7832077254479952,
    "ECE": 0.04595297708416451
  },
  "n_params_M": 2.26362,
  "wall_time_min": 389.08
}