{
  "n_epochs": 66880,
  "acc": 0.742808014354067,
  "macro_f1": 0.7238558820660075,
  "kappa": 0.6319452339564849,
  "f1_per_class": {
    "Wake": 0.8610937424847289,
    "Light": 0.7100781480389264,
    "Deep": 0.6175731376294361,
    "REM": 0.7066785001109386
  },
  "cm": [
    [
      17903,
      2571,
      105,
      559
    ],
    [
      2159,
      19263,
      3713,
      2564
    ],
    [
      168,
      3197,
      6143,
      309
    ],
    [
      214,
      1526,
      116,
      6370
    ]
  ],
  "AUROC": 0.9219450978178955,
  "AUPRC": 0.7929725662171399,
  "ECE": 0.013076690263582758
}