{
  "n_epochs": 438694,
  "acc": 0.7916976297829467,
  "macro_f1": 0.7184111557997416,
  "kappa": 0.6802585839964985,
  "f1_per_class": {
    "Wake": 0.8793852470738537,
    "Light": 0.7845888705909387,
    "Deep": 0.4688814200543836,
    "REM": 0.7407890854797902
  },
  "cm": [
    [
      138355,
      18728,
      452,
      3946
    ],
    [
      13102,
      153648,
      16734,
      13367
    ],
    [
      339,
      13033,
      13881,
      424
    ],
    [
      1386,
      9405,
      465,
      41429
    ]
  ],
  "AUROC": 0.9388648652706724,
  "AUPRC": 0.7650787913116035,
  "ECE": 0.006648214347963698
}