{
  "n_epochs": 438593,
  "acc": 0.7883276750882937,
  "macro_f1": 0.7134297609335253,
  "kappa": 0.6742159078690715,
  "f1_per_class": {
    "Wake": 0.8783045705140746,
    "Light": 0.7820873225361994,
    "Deep": 0.4558116398607196,
    "REM": 0.7375155108231076
  },
  "cm": [
    [
      136929,
      20599,
      298,
      3963
    ],
    [
      11608,
      154962,
      17767,
      13843
    ],
    [
      501,
      13508,
      13745,
      334
    ],
    [
      976,
      9029,
      412,
      40119
    ]
  ],
  "AUROC": 0.9351611073904397,
  "AUPRC": 0.752283172694582,
  "ECE": 0.01012630579960517
}