{
  "model": "dca_sleep",
  "cohort": "mesa",
  "seed": 42,
  "fold": 4,
  "best_epoch": 37,
  "best_val_macroF1": 0.7007043583007886,
  "test_metrics": {
    "n_epochs": 448726,
    "acc": 0.7901169087594657,
    "macro_f1": 0.7079393879111898,
    "kappa": 0.6753539408393865,
    "f1_per_class": {
      "Wake": 0.8807443433622586,
      "Light": 0.7813042096067245,
      "Deep": 0.39916504578016043,
      "REM": 0.7705439528956156
    },
    "cm": [
      [
        146865,
        23166,
        743,
        3632
      ],
      [
        10521,
        156062,
        22053,
        8111
      ],
      [
        248,
        14223,
        12621,
        253
      ],
      [
        1462,
        9293,
        475,
        38998
      ]
    ],
    "AUROC": 0.931613680578612,
    "AUPRC": 0.743984372172537,
    "ECE": 0.017567088237713642
  },
  "n_params_M": 33.322404,
  "wall_time_min": 489.2
}