{
  "n_epochs": 438694,
  "acc": 0.8100042398573949,
  "macro_f1": 0.7404966680401383,
  "kappa": 0.7090725915183252,
  "f1_per_class": {
    "Wake": 0.8925407076649866,
    "Light": 0.8027104735398846,
    "Deep": 0.48816994221567295,
    "REM": 0.778565548740009
  },
  "cm": [
    [
      139721,
      17293,
      217,
      4250
    ],
    [
      10456,
      156901,
      17644,
      11850
    ],
    [
      219,
      12504,
      14742,
      212
    ],
    [
      1209,
      7379,
      117,
      43980
    ]
  ],
  "AUROC": 0.9480398298319256,
  "AUPRC": 0.7865823410469454,
  "ECE": 0.0068191022935304695
}