{
  "model": "enc_single_card",
  "cohort": "cfs",
  "seed": 42,
  "fold": 2,
  "best_epoch": 42,
  "best_val_macroF1": 0.7049773881964911,
  "test_metrics": {
    "n_epochs": 66634,
    "acc": 0.6975868175405949,
    "macro_f1": 0.6765569111259626,
    "kappa": 0.566374988370083,
    "f1_per_class": {
      "Wake": 0.8217011860066138,
      "Light": 0.6705666478934651,
      "Deep": 0.5918736321248455,
      "REM": 0.6220861784789262
    },
    "cm": [
      [
        16524,
        3375,
        204,
        558
      ],
      [
        2310,
        18455,
        4431,
        2664
      ],
      [
        393,
        3018,
        6220,
        263
      ],
      [
        331,
        2335,
        269,
        5284
      ]
    ],
    "AUROC": 0.8927344582412969,
    "AUPRC": 0.7306320573534923,
    "ECE": 0.016195102526950004
  },
  "n_params_M": 27.191988,
  "wall_time_min": 101.73
}