{
  "n_epochs": 440920,
  "acc": 0.7911843418307176,
  "macro_f1": 0.7100376417270455,
  "kappa": 0.6778755465808082,
  "f1_per_class": {
    "Wake": 0.8794918968472739,
    "Light": 0.7851399228743702,
    "Deep": 0.4437547920698091,
    "REM": 0.7317639551167285
  },
  "cm": [
    [
      140067,
      19490,
      252,
      4824
    ],
    [
      12516,
      155347,
      13722,
      15326
    ],
    [
      222,
      15605,
      12154,
      344
    ],
    [
      1080,
      8365,
      325,
      41281
    ]
  ],
  "AUROC": 0.9387029916781454,
  "AUPRC": 0.7602971626027515,
  "ECE": 0.008375070783924972
}