{
  "n_epochs": 438593,
  "acc": 0.8105304918227149,
  "macro_f1": 0.7365838593341558,
  "kappa": 0.7076749158763354,
  "f1_per_class": {
    "Wake": 0.8926617949503348,
    "Light": 0.8029519428603519,
    "Deep": 0.48161739008876775,
    "REM": 0.7691043094371686
  },
  "cm": [
    [
      142800,
      15097,
      147,
      3745
    ],
    [
      13753,
      157275,
      15073,
      12079
    ],
    [
      296,
      13734,
      13781,
      277
    ],
    [
      1304,
      7456,
      139,
      41637
    ]
  ],
  "AUROC": 0.945988669485334,
  "AUPRC": 0.7847178116952132,
  "ECE": 0.00786026875537972
}