{
  "model": "plain_transformer",
  "cohort": "cfs",
  "seed": 42,
  "fold": 2,
  "best_epoch": 41,
  "best_val_macroF1": 0.7256501537232314,
  "test_metrics": {
    "n_epochs": 66634,
    "acc": 0.7145901491730948,
    "macro_f1": 0.7018139480783925,
    "kappa": 0.5934364044387814,
    "f1_per_class": {
      "Wake": 0.829203899268887,
      "Light": 0.6825146048425617,
      "Deep": 0.6199068421290643,
      "REM": 0.6756304460730567
    },
    "cm": [
      [
        16332,
        3519,
        212,
        598
      ],
      [
        1847,
        18576,
        4984,
        2453
      ],
      [
        276,
        2559,
        6854,
        205
      ],
      [
        276,
        1920,
        169,
        5854
      ]
    ],
    "AUROC": 0.907242311105748,
    "AUPRC": 0.764368109231564,
    "ECE": 0.04204714772695324
  },
  "n_params_M": 27.136372,
  "wall_time_min": 143.06
}