{
  "model": "sleeppgnet",
  "cohort": "mesa",
  "seed": 42,
  "fold": 1,
  "best_epoch": 34,
  "best_val_macroF1": 0.7425487121772435,
  "test_metrics": {
    "n_epochs": 443764,
    "acc": 0.8018203369358488,
    "macro_f1": 0.7339982766198316,
    "kappa": 0.6954205307420682,
    "f1_per_class": {
      "Wake": 0.8833603474112358,
      "Light": 0.7925841277632485,
      "Deep": 0.4964383561643836,
      "REM": 0.7636102751404585
    },
    "cm": [
      [
        144425,
        18981,
        374,
        3874
      ],
      [
        13142,
        155014,
        16794,
        11449
      ],
      [
        368,
        12915,
        15402,
        657
      ],
      [
        1401,
        7852,
        138,
        40978
      ]
    ],
    "AUROC": 0.9418831984460063,
    "AUPRC": 0.7780838076009552,
    "ECE": 0.03438196582118032
  },
  "n_params_M": 2.26362,
  "wall_time_min": 127.81
}