{
  "n_epochs": 66918,
  "acc": 0.6959114139693356,
  "macro_f1": 0.6802820693705218,
  "kappa": 0.5648180671634933,
  "f1_per_class": {
    "Wake": 0.803051540706358,
    "Light": 0.6558158900791097,
    "Deep": 0.6135631662508505,
    "REM": 0.6486976804457691
  },
  "cm": [
    [
      17474,
      4377,
      359,
      718
    ],
    [
      2532,
      17326,
      3275,
      1898
    ],
    [
      258,
      4126,
      6763,
      318
    ],
    [
      327,
      1978,
      183,
      5006
    ]
  ],
  "AUROC": 0.8907169761649074,
  "AUPRC": 0.7302328534178196,
  "ECE": 0.022207628381441476
}