{
  "n_epochs": 438694,
  "acc": 0.7703251013234738,
  "macro_f1": 0.6977763894076292,
  "kappa": 0.6504136611899238,
  "f1_per_class": {
    "Wake": 0.8679003464816252,
    "Light": 0.7569495020687315,
    "Deep": 0.40589183643558546,
    "REM": 0.7603638726445745
  },
  "cm": [
    [
      138145,
      19031,
      497,
      3808
    ],
    [
      16245,
      144988,
      25711,
      9907
    ],
    [
      383,
      13074,
      13847,
      373
    ],
    [
      2089,
      9141,
      498,
      40957
    ]
  ],
  "AUROC": 0.9266552454524681,
  "AUPRC": 0.7402359407135102,
  "ECE": 0.030680240174530582
}