{
  "n_epochs": 66880,
  "acc": 0.7276614832535885,
  "macro_f1": 0.705651075754073,
  "kappa": 0.6057699999400348,
  "f1_per_class": {
    "Wake": 0.8475103230507651,
    "Light": 0.7009762950580619,
    "Deep": 0.6158218412225122,
    "REM": 0.6582958436849526
  },
  "cm": [
    [
      17446,
      3128,
      189,
      375
    ],
    [
      2026,
      19709,
      4616,
      1348
    ],
    [
      267,
      2899,
      6609,
      42
    ],
    [
      293,
      2798,
      233,
      4902
    ]
  ],
  "AUROC": 0.9123040818896526,
  "AUPRC": 0.7719120729044735,
  "ECE": 0.011698348214181416
}