{
  "model": "v8_full_with_ultradian",
  "cohort": "cfs",
  "seed": 42,
  "fold": 3,
  "best_epoch": 41,
  "best_val_macroF1": 0.7105042043241371,
  "test_metrics": {
    "n_epochs": 66880,
    "acc": 0.7207535885167464,
    "macro_f1": 0.7050456156764555,
    "kappa": 0.6027496307460156,
    "f1_per_class": {
      "Wake": 0.8479307025986527,
      "Light": 0.6814250993839138,
      "Deep": 0.6067967550975664,
      "REM": 0.6840299056256894
    },
    "cm": [
      [
        17620,
        2652,
        291,
        575
      ],
      [
        2273,
        18084,
        5499,
        1843
      ],
      [
        237,
        2568,
        6919,
        93
      ],
      [
        292,
        2074,
        279,
        5581
      ]
    ],
    "AUROC": 0.9141899021578741,
    "AUPRC": 0.773814465347667,
    "ECE": 0.023442841071243347
  },
  "n_params_M": 27.365268,
  "wall_time_min": 139.41
}