{
  "model": "enc_dual_same",
  "cohort": "cfs",
  "seed": 42,
  "fold": 4,
  "best_epoch": 42,
  "best_val_macroF1": 0.7076480483435811,
  "test_metrics": {
    "n_epochs": 66657,
    "acc": 0.7436128238594596,
    "macro_f1": 0.7258511092490547,
    "kappa": 0.6343527617239659,
    "f1_per_class": {
      "Wake": 0.862219566016918,
      "Light": 0.6994470241421167,
      "Deep": 0.6527847238008638,
      "REM": 0.6889531230363202
    },
    "cm": [
      [
        18755,
        2984,
        373,
        266
      ],
      [
        2008,
        18151,
        4627,
        1979
      ],
      [
        142,
        2006,
        7179,
        218
      ],
      [
        221,
        1995,
        271,
        5482
      ]
    ],
    "AUROC": 0.9180667383598284,
    "AUPRC": 0.7910477591601619,
    "ECE": 0.02145093798714291
  },
  "n_params_M": 27.215124,
  "wall_time_min": 137.77
}