{
  "model": "v8",
  "cohort": "cfs",
  "seed": 42,
  "fold": 0,
  "best_epoch": 5,
  "best_val_macroF1": 0.6361298921294027,
  "test_metrics": {
    "n_epochs": 66918,
    "acc": 0.6488986520816522,
    "macro_f1": 0.6204456631354792,
    "kappa": 0.5014414634562,
    "f1_per_class": {
      "Wake": 0.7930451254989513,
      "Light": 0.5919782569595716,
      "Deep": 0.5881601022609251,
      "REM": 0.5085991678224688
    },
    "cm": [
      [
        17583,
        4145,
        406,
        794
      ],
      [
        3067,
        14811,
        5085,
        2068
      ],
      [
        421,
        3285,
        7362,
        397
      ],
      [
        344,
        2767,
        716,
        3667
      ]
    ],
    "AUROC": 0.8642558967812997,
    "AUPRC": 0.6569776986850506,
    "ECE": 0.035659076577663894
  },
  "n_params_M": 27.215124,
  "wall_time_min": 14.02
}