{
  "model": "deepsleepnet",
  "cohort": "cfs",
  "seed": 42,
  "fold": 0,
  "best_epoch": 30,
  "best_val_macroF1": 0.6787313910917665,
  "test_metrics": {
    "n_epochs": 66918,
    "acc": 0.6808930332645925,
    "macro_f1": 0.6541781570954626,
    "kappa": 0.5432202812540268,
    "f1_per_class": {
      "Wake": 0.8107514157721241,
      "Light": 0.6222329842403697,
      "Deep": 0.5993523965886806,
      "REM": 0.5843758317806761
    },
    "cm": [
      [
        19184,
        2953,
        152,
        639
      ],
      [
        4170,
        15418,
        3420,
        2023
      ],
      [
        657,
        3756,
        6571,
        481
      ],
      [
        385,
        2399,
        319,
        4391
      ]
    ],
    "AUROC": 0.8846346502168352,
    "AUPRC": 0.7138348053382476,
    "ECE": 0.022185983724444337
  },
  "n_params_M": 5.062148,
  "wall_time_min": 40.97
}