{
  "model": "enc_dual_same",
  "cohort": "cfs",
  "seed": 42,
  "fold": 2,
  "best_epoch": 46,
  "best_val_macroF1": 0.7220127123876012,
  "test_metrics": {
    "n_epochs": 66634,
    "acc": 0.713749737371312,
    "macro_f1": 0.7001805998039607,
    "kappa": 0.5953530499957407,
    "f1_per_class": {
      "Wake": 0.8308169183081693,
      "Light": 0.6783641210837792,
      "Deep": 0.617300131061599,
      "REM": 0.6742412287622955
    },
    "cm": [
      [
        16618,
        2964,
        198,
        881
      ],
      [
        2175,
        17939,
        4456,
        3290
      ],
      [
        344,
        2744,
        6594,
        212
      ],
      [
        206,
        1382,
        222,
        6409
      ]
    ],
    "AUROC": 0.9066463436279766,
    "AUPRC": 0.7630960619880565,
    "ECE": 0.029614335470820444
  },
  "n_params_M": 27.215124,
  "wall_time_min": 137.75
}