{
  "model": "enc_dual_same",
  "cohort": "cfs",
  "seed": 42,
  "fold": 1,
  "best_epoch": 50,
  "best_val_macroF1": 0.6915289553489672,
  "test_metrics": {
    "n_epochs": 66584,
    "acc": 0.7288687973086627,
    "macro_f1": 0.7124494183249878,
    "kappa": 0.6154553615588972,
    "f1_per_class": {
      "Wake": 0.8487041518832679,
      "Light": 0.6850527617795986,
      "Deep": 0.64425920946491,
      "REM": 0.6717815501721741
    },
    "cm": [
      [
        18060,
        2452,
        346,
        472
      ],
      [
        2695,
        17723,
        5152,
        2306
      ],
      [
        146,
        1829,
        7188,
        123
      ],
      [
        328,
        1862,
        342,
        5560
      ]
    ],
    "AUROC": 0.9167492002013016,
    "AUPRC": 0.773241537986907,
    "ECE": 0.021601038351055236
  },
  "n_params_M": 27.215124,
  "wall_time_min": 138.98
}