{
  "model": "plain_transformer",
  "cohort": "mesa",
  "seed": 42,
  "fold": 4,
  "best_epoch": 43,
  "best_val_macroF1": 0.7421969427314261,
  "test_metrics": {
    "n_epochs": 448726,
    "acc": 0.8171400810294033,
    "macro_f1": 0.7468438583907286,
    "kappa": 0.7185105725179177,
    "f1_per_class": {
      "Wake": 0.8997350226010135,
      "Light": 0.8049527968659688,
      "Deep": 0.5084466419447877,
      "REM": 0.774240972151145
    },
    "cm": [
      [
        152968,
        17458,
        356,
        3624
      ],
      [
        10926,
        156674,
        17417,
        11730
      ],
      [
        187,
        11447,
        15425,
        286
      ],
      [
        1542,
        6949,
        132,
        41605
      ]
    ],
    "AUROC": 0.9513294891497,
    "AUPRC": 0.7953853246392445,
    "ECE": 0.008832757139841609
  },
  "n_params_M": 27.136372,
  "wall_time_min": 845.57
}