{
  "n_epochs": 66918,
  "acc": 0.7129770764218895,
  "macro_f1": 0.6970698660581226,
  "kappa": 0.5908885862682538,
  "f1_per_class": {
    "Wake": 0.8257905093122226,
    "Light": 0.6657761774783669,
    "Deep": 0.6476027397260273,
    "REM": 0.6491100377158738
  },
  "cm": [
    [
      18046,
      3875,
      241,
      766
    ],
    [
      2229,
      17196,
      3871,
      1735
    ],
    [
      302,
      3386,
      7564,
      213
    ],
    [
      201,
      2169,
      219,
      4905
    ]
  ],
  "AUROC": 0.9047601888086676,
  "AUPRC": 0.7526125577158294,
  "ECE": 0.022375877742976263
}