{
  "model": "insightsleepnet",
  "cohort": "mesa",
  "seed": 42,
  "fold": 4,
  "best_epoch": 46,
  "best_val_macroF1": 0.7189666751506356,
  "test_metrics": {
    "n_epochs": 448726,
    "acc": 0.7959445184812113,
    "macro_f1": 0.7293601890771005,
    "kappa": 0.6861094281148478,
    "f1_per_class": {
      "Wake": 0.8773820902214828,
      "Light": 0.7836253708208871,
      "Deep": 0.5068209066459285,
      "REM": 0.7496123886201035
    },
    "cm": [
      [
        148711,
        21170,
        441,
        4084
      ],
      [
        13684,
        152680,
        18043,
        12340
      ],
      [
        272,
        11147,
        15641,
        285
      ],
      [
        1915,
        7932,
        252,
        40129
      ]
    ],
    "AUROC": 0.9423235796273348,
    "AUPRC": 0.7816371686695436,
    "ECE": 0.010338122753385479
  },
  "n_params_M": 0.751529,
  "wall_time_min": 109.11
}