{
  "n_epochs": 438694,
  "acc": 0.6685867597915631,
  "macro_f1": 0.6257154313368423,
  "kappa": 0.5158579199187763,
  "f1_per_class": {
    "Wake": 0.7966321197563148,
    "Light": 0.6555066634460887,
    "Deep": 0.3955593164216994,
    "REM": 0.6551636257232663
  },
  "cm": [
    [
      112261,
      40088,
      2941,
      6191
    ],
    [
      6875,
      124836,
      53217,
      11923
    ],
    [
      105,
      5630,
      21503,
      439
    ],
    [
      1117,
      13479,
      3384,
      34705
    ]
  ],
  "AUROC": 0.8897717234162617,
  "AUPRC": 0.6737303904437558,
  "ECE": 0.06310676342739484
}