{
  "model": "sleeppgnet",
  "cohort": "mesa",
  "seed": 42,
  "fold": 0,
  "best_epoch": 38,
  "best_val_macroF1": 0.7372497306737216,
  "test_metrics": {
    "n_epochs": 438694,
    "acc": 0.8006993485208368,
    "macro_f1": 0.7358259418169455,
    "kappa": 0.6964809776041776,
    "f1_per_class": {
      "Wake": 0.8924254277494574,
      "Light": 0.7864526998918379,
      "Deep": 0.47741483083036285,
      "REM": 0.7870108087961238
    },
    "cm": [
      [
        141453,
        16985,
        313,
        2730
      ],
      [
        12308,
        151238,
        23864,
        9441
      ],
      [
        263,
        10841,
        16340,
        233
      ],
      [
        1503,
        8693,
        258,
        42231
      ]
    ],
    "AUROC": 0.944510091829397,
    "AUPRC": 0.7768119554916844,
    "ECE": 0.03887921598484052
  },
  "n_params_M": 2.26362,
  "wall_time_min": 157.08
}