{
  "n_epochs": 66584,
  "acc": 0.7269614321758981,
  "macro_f1": 0.710643993943682,
  "kappa": 0.6078065478194281,
  "f1_per_class": {
    "Wake": 0.8321175103241919,
    "Light": 0.6990403766069165,
    "Deep": 0.6472602739726028,
    "REM": 0.6641578148710167
  },
  "cm": [
    [
      16825,
      3681,
      249,
      575
    ],
    [
      2026,
      19304,
      4347,
      2199
    ],
    [
      124,
      2220,
      6804,
      138
    ],
    [
      134,
      2149,
      338,
      5471
    ]
  ],
  "AUROC": 0.9124148174244202,
  "AUPRC": 0.7770917931248602,
  "ECE": 0.01446853914678233
}