{
  "model": "dca_sleep",
  "cohort": "mesa",
  "seed": 42,
  "fold": 2,
  "best_epoch": 43,
  "best_val_macroF1": 0.7092275081671677,
  "test_metrics": {
    "n_epochs": 440920,
    "acc": 0.7836455592851311,
    "macro_f1": 0.7178062701807054,
    "kappa": 0.6715185801964683,
    "f1_per_class": {
      "Wake": 0.884843219832172,
      "Light": 0.7683088731006585,
      "Deep": 0.43382949572342605,
      "REM": 0.7842434920665653
    },
    "cm": [
      [
        140560,
        20376,
        381,
        3316
      ],
      [
        10827,
        148153,
        29743,
        8188
      ],
      [
        241,
        11540,
        16307,
        237
      ],
      [
        1445,
        8680,
        421,
        40505
      ]
    ],
    "AUROC": 0.9351320924474372,
    "AUPRC": 0.7575562162916629,
    "ECE": 0.027525813109949022
  },
  "n_params_M": 33.322404,
  "wall_time_min": 499.04
}