{
  "model": "v8",
  "cohort": "cfs",
  "seed": 2024,
  "fold": 4,
  "best_epoch": 22,
  "best_val_macroF1": 0.6968877925016126,
  "test_metrics": {
    "n_epochs": 66657,
    "acc": 0.732076151041901,
    "macro_f1": 0.7096836904555638,
    "kappa": 0.6160844413001059,
    "f1_per_class": {
      "Wake": 0.8455351242964887,
      "Light": 0.6958639321182604,
      "Deep": 0.6482938317382373,
      "REM": 0.649041873669269
    },
    "cm": [
      [
        18554,
        3109,
        152,
        563
      ],
      [
        2422,
        18288,
        3526,
        2529
      ],
      [
        214,
        2502,
        6469,
        360
      ],
      [
        319,
        1898,
        265,
        5487
      ]
    ],
    "AUROC": 0.9104127906112096,
    "AUPRC": 0.7657706417572779,
    "ECE": 0.047813373546473574
  },
  "n_params_M": 27.215124,
  "wall_time_min": 93.13
}