{
  "n_epochs": 438694,
  "acc": 0.809222373681883,
  "macro_f1": 0.7403697212666179,
  "kappa": 0.7080207804353702,
  "f1_per_class": {
    "Wake": 0.8933511399408566,
    "Light": 0.8009353975054354,
    "Deep": 0.49220103986135183,
    "REM": 0.7749913077588283
  },
  "cm": [
    [
      140475,
      16686,
      227,
      4093
    ],
    [
      11091,
      156009,
      18036,
      11715
    ],
    [
      258,
      12156,
      15052,
      211
    ],
    [
      1185,
      7865,
      170,
      43465
    ]
  ],
  "AUROC": 0.947280376693064,
  "AUPRC": 0.7862155000796681,
  "ECE": 0.004282159180890237
}