{
  "n_epochs": 66880,
  "acc": 0.7197966507177034,
  "macro_f1": 0.7007763637154134,
  "kappa": 0.5975156446459733,
  "f1_per_class": {
    "Wake": 0.8296282100421617,
    "Light": 0.6914825576083183,
    "Deep": 0.6094841682770924,
    "REM": 0.6725105189340814
  },
  "cm": [
    [
      17316,
      3198,
      153,
      471
    ],
    [
      2809,
      18920,
      3787,
      2183
    ],
    [
      213,
      2976,
      6150,
      478
    ],
    [
      268,
      1930,
      274,
      5754
    ]
  ],
  "AUROC": 0.9039654292418141,
  "AUPRC": 0.7526893938667278,
  "ECE": 0.010827228668898917
}