{
  "model": "v8_full_with_ultradian",
  "cohort": "cfs",
  "seed": 42,
  "fold": 1,
  "best_epoch": 41,
  "best_val_macroF1": 0.6792209112561467,
  "test_metrics": {
    "n_epochs": 66584,
    "acc": 0.72577496095158,
    "macro_f1": 0.7043676931593024,
    "kappa": 0.6073789742423665,
    "f1_per_class": {
      "Wake": 0.8528160626169814,
      "Light": 0.6921812978860887,
      "Deep": 0.6339317454674724,
      "REM": 0.6385416666666667
    },
    "cm": [
      [
        17542,
        2962,
        344,
        482
      ],
      [
        2017,
        18746,
        5345,
        1768
      ],
      [
        132,
        1907,
        7133,
        114
      ],
      [
        118,
        2674,
        396,
        4904
      ]
    ],
    "AUROC": 0.9117907374955283,
    "AUPRC": 0.7695479929274078,
    "ECE": 0.009749854528909689
  },
  "n_params_M": 27.365268,
  "wall_time_min": 138.86
}