{
  "n_epochs": 66918,
  "acc": 0.728847245883021,
  "macro_f1": 0.7101072377725787,
  "kappa": 0.6151485346914438,
  "f1_per_class": {
    "Wake": 0.8499162175626105,
    "Light": 0.6795969873412689,
    "Deep": 0.6576830582967079,
    "REM": 0.6532326878897275
  },
  "cm": [
    [
      18767,
      3147,
      200,
      814
    ],
    [
      2087,
      17099,
      4205,
      1640
    ],
    [
      238,
      2985,
      7931,
      311
    ],
    [
      142,
      2059,
      317,
      4976
    ]
  ],
  "AUROC": 0.9134727238126048,
  "AUPRC": 0.7697558669146723,
  "ECE": 0.040082078610451606
}