{
  "n_epochs": 66918,
  "acc": 0.7169819779431543,
  "macro_f1": 0.6977419930125413,
  "kappa": 0.5953901572453437,
  "f1_per_class": {
    "Wake": 0.8306609677190827,
    "Light": 0.6835316357166685,
    "Deep": 0.624088291746641,
    "REM": 0.652687076867773
  },
  "cm": [
    [
      17588,
      4229,
      106,
      1005
    ],
    [
      1519,
      18441,
      2647,
      2424
    ],
    [
      231,
      4410,
      6503,
      321
    ],
    [
      81,
      1847,
      119,
      5447
    ]
  ],
  "AUROC": 0.9115311185274462,
  "AUPRC": 0.7652804439014339,
  "ECE": 0.022017802743291234
}