{
  "model": "deepsleepnet",
  "cohort": "mesa",
  "seed": 42,
  "fold": 4,
  "best_epoch": 50,
  "best_val_macroF1": 0.7136970317566087,
  "test_metrics": {
    "n_epochs": 448726,
    "acc": 0.795911090509576,
    "macro_f1": 0.7162872949158172,
    "kappa": 0.6840812381412151,
    "f1_per_class": {
      "Wake": 0.8851822434030535,
      "Light": 0.7854611775643485,
      "Deep": 0.4722285956335269,
      "REM": 0.7222771630623402
    },
    "cm": [
      [
        150450,
        19534,
        421,
        4001
      ],
      [
        13060,
        154609,
        15199,
        13879
      ],
      [
        225,
        13373,
        13378,
        369
      ],
      [
        1789,
        9414,
        316,
        38709
      ]
    ],
    "AUROC": 0.9403472242371611,
    "AUPRC": 0.7618362116701805,
    "ECE": 0.006878735805902526
  },
  "n_params_M": 5.062148,
  "wall_time_min": 291.73
}