{
  "n_epochs": 66584,
  "acc": 0.7589060434939324,
  "macro_f1": 0.7429834395376919,
  "kappa": 0.655227835846372,
  "f1_per_class": {
    "Wake": 0.8697782852792845,
    "Light": 0.7227003966768955,
    "Deep": 0.666510867025006,
    "REM": 0.712944209169582
  },
  "cm": [
    [
      18281,
      2326,
      277,
      446
    ],
    [
      2159,
      19312,
      4551,
      1854
    ],
    [
      112,
      1951,
      7130,
      93
    ],
    [
      154,
      1979,
      151,
      5808
    ]
  ],
  "AUROC": 0.9308407129391807,
  "AUPRC": 0.8112528030300745,
  "ECE": 0.016010020199008792
}