{
  "model": "enc_single_card",
  "cohort": "cfs",
  "seed": 42,
  "fold": 1,
  "best_epoch": 38,
  "best_val_macroF1": 0.7007034201135904,
  "test_metrics": {
    "n_epochs": 66584,
    "acc": 0.7422203532380152,
    "macro_f1": 0.7226152660323198,
    "kappa": 0.6323569586719842,
    "f1_per_class": {
      "Wake": 0.8595116140559856,
      "Light": 0.7071452785415647,
      "Deep": 0.6615732064773436,
      "REM": 0.6622309650543855
    },
    "cm": [
      [
        18039,
        2440,
        345,
        506
      ],
      [
        2239,
        18774,
        4109,
        2754
      ],
      [
        111,
        2082,
        6884,
        209
      ],
      [
        256,
        1926,
        187,
        5723
      ]
    ],
    "AUROC": 0.9227840913822919,
    "AUPRC": 0.788985756510223,
    "ECE": 0.01644753261632563
  },
  "n_params_M": 27.191988,
  "wall_time_min": 100.89
}