{
  "n_epochs": 443764,
  "acc": 0.8068883460578146,
  "macro_f1": 0.743151510880121,
  "kappa": 0.705858416768476,
  "f1_per_class": {
    "Wake": 0.8932300562238614,
    "Light": 0.7949280119145535,
    "Deep": 0.5175398494407363,
    "REM": 0.7669081259413326
  },
  "cm": [
    [
      145128,
      17753,
      258,
      4515
    ],
    [
      10915,
      153187,
      18888,
      13409
    ],
    [
      239,
      11643,
      16981,
      479
    ],
    [
      1015,
      6429,
      153,
      42772
    ]
  ],
  "AUROC": 0.9480214241603943,
  "AUPRC": 0.7872058855803061,
  "ECE": 0.009308129476697275
}