{
  "model": "dca_sleep",
  "cohort": "cfs",
  "seed": 42,
  "fold": 3,
  "best_epoch": 36,
  "best_val_macroF1": 0.6860466734968601,
  "test_metrics": {
    "n_epochs": 66880,
    "acc": 0.6956788277511962,
    "macro_f1": 0.6678970908180383,
    "kappa": 0.5637449917841528,
    "f1_per_class": {
      "Wake": 0.8406343520984046,
      "Light": 0.6600266587677724,
      "Deep": 0.4969684406902627,
      "REM": 0.6739589117157135
    },
    "cm": [
      [
        17837,
        2385,
        162,
        754
      ],
      [
        2886,
        17826,
        4380,
        2607
      ],
      [
        296,
        4372,
        4795,
        354
      ],
      [
        280,
        1734,
        143,
        6069
      ]
    ],
    "AUROC": 0.8908713664631474,
    "AUPRC": 0.7184175568198359,
    "ECE": 0.03356974430551583
  },
  "n_params_M": 33.322404,
  "wall_time_min": 79.28
}