{
  "model": "v8",
  "cohort": "cfs",
  "seed": 42,
  "fold": 1,
  "best_epoch": 42,
  "best_val_macroF1": 0.7036697995940424,
  "test_metrics": {
    "n_epochs": 66584,
    "acc": 0.7596419560254716,
    "macro_f1": 0.743246380827705,
    "kappa": 0.6552261308491822,
    "f1_per_class": {
      "Wake": 0.8674634922164924,
      "Light": 0.7278050936412352,
      "Deep": 0.6677427011630667,
      "REM": 0.7099742362900258
    },
    "cm": [
      [
        17999,
        2729,
        190,
        412
      ],
      [
        1901,
        19761,
        4341,
        1873
      ],
      [
        109,
        2006,
        7033,
        138
      ],
      [
        159,
        1931,
        215,
        5787
      ]
    ],
    "AUROC": 0.9299390076671854,
    "AUPRC": 0.8129329247604924,
    "ECE": 0.01748934064911318
  },
  "n_params_M": 27.215124,
  "wall_time_min": 1572.49
}