{
  "n_epochs": 448726,
  "acc": 0.8178331543079741,
  "macro_f1": 0.7464209337461859,
  "kappa": 0.719692225186827,
  "f1_per_class": {
    "Wake": 0.9002256589596058,
    "Light": 0.8070167341056766,
    "Deep": 0.508658880386629,
    "REM": 0.7697824615328321
  },
  "cm": [
    [
      152392,
      17746,
      326,
      3942
    ],
    [
      10042,
      157361,
      16597,
      12747
    ],
    [
      186,
      11680,
      15156,
      323
    ],
    [
      1538,
      6448,
      168,
      42074
    ]
  ],
  "AUROC": 0.9507011790034996,
  "AUPRC": 0.7939286011671832,
  "ECE": 0.0030088025632252747
}