{
  "n_epochs": 440920,
  "acc": 0.813787081556745,
  "macro_f1": 0.7500020076982306,
  "kappa": 0.7153050612007341,
  "f1_per_class": {
    "Wake": 0.8974650583241668,
    "Light": 0.8024138501634054,
    "Deep": 0.5225329798748255,
    "REM": 0.7775961424305244
  },
  "cm": [
    [
      144412,
      16381,
      184,
      3656
    ],
    [
      11377,
      155174,
      18344,
      12016
    ],
    [
      217,
      11249,
      16656,
      203
    ],
    [
      1183,
      7053,
      242,
      42573
    ]
  ],
  "AUROC": 0.9505969309590785,
  "AUPRC": 0.7953277962229675,
  "ECE": 0.011651847032037782
}