{
  "model": "deepsleepnet",
  "cohort": "mesa",
  "seed": 42,
  "fold": 1,
  "best_epoch": 46,
  "best_val_macroF1": 0.7147748522429583,
  "test_metrics": {
    "n_epochs": 443764,
    "acc": 0.7860890022624638,
    "macro_f1": 0.7119058958354815,
    "kappa": 0.6704400694479741,
    "f1_per_class": {
      "Wake": 0.8722312671002053,
      "Light": 0.7800323955193803,
      "Deep": 0.47720514519719287,
      "REM": 0.7181547755251475
    },
    "cm": [
      [
        141704,
        20560,
        542,
        4848
      ],
      [
        13774,
        153861,
        14639,
        14125
      ],
      [
        407,
        14211,
        14042,
        682
      ],
      [
        1384,
        9468,
        286,
        39231
      ]
    ],
    "AUROC": 0.9341295750998743,
    "AUPRC": 0.7575165159763437,
    "ECE": 0.013492514314237989
  },
  "n_params_M": 5.062148,
  "wall_time_min": 293.52
}