{
  "model": "plain_transformer",
  "cohort": "mesa",
  "seed": 42,
  "fold": 2,
  "best_epoch": 46,
  "best_val_macroF1": 0.7411664089971505,
  "test_metrics": {
    "n_epochs": 440920,
    "acc": 0.8151864283770298,
    "macro_f1": 0.7469633576406255,
    "kappa": 0.716930882278102,
    "f1_per_class": {
      "Wake": 0.8985849422948478,
      "Light": 0.8047812668397589,
      "Deep": 0.5040647736044278,
      "REM": 0.7804224478234674
    },
    "cm": [
      [
        144625,
        16033,
        200,
        3775
      ],
      [
        11279,
        156066,
        16825,
        12741
      ],
      [
        202,
        12530,
        15346,
        247
      ],
      [
        1156,
        6307,
        193,
        43395
      ]
    ],
    "AUROC": 0.9514781435253779,
    "AUPRC": 0.794182386448478,
    "ECE": 0.008188502687684077
  },
  "n_params_M": 27.136372,
  "wall_time_min": 848.11
}