{
  "model": "insightsleepnet",
  "cohort": "mesa",
  "seed": 42,
  "fold": 1,
  "best_epoch": 49,
  "best_val_macroF1": 0.7253251264557028,
  "test_metrics": {
    "n_epochs": 443764,
    "acc": 0.7884551247960627,
    "macro_f1": 0.7217004554838791,
    "kappa": 0.6747006674313965,
    "f1_per_class": {
      "Wake": 0.8671278246947679,
      "Light": 0.7799006740160057,
      "Deep": 0.4909043147041439,
      "REM": 0.7488690085205985
    },
    "cm": [
      [
        141902,
        20695,
        444,
        4613
      ],
      [
        15795,
        152563,
        15811,
        12230
      ],
      [
        474,
        13512,
        14950,
        406
      ],
      [
        1467,
        8068,
        361,
        40473
      ]
    ],
    "AUROC": 0.9367960515480636,
    "AUPRC": 0.7717213236210322,
    "ECE": 0.008143132157766344
  },
  "n_params_M": 0.751529,
  "wall_time_min": 108.33
}