{
  "n_epochs": 66918,
  "acc": 0.7306853163573328,
  "macro_f1": 0.7105778345143839,
  "kappa": 0.614332076430997,
  "f1_per_class": {
    "Wake": 0.844921716374137,
    "Light": 0.6893729322445545,
    "Deep": 0.6463342034162203,
    "REM": 0.6616824860226238
  },
  "cm": [
    [
      18726,
      3187,
      162,
      853
    ],
    [
      2255,
      18024,
      2972,
      1780
    ],
    [
      298,
      3944,
      7057,
      166
    ],
    [
      119,
      2105,
      181,
      5089
    ]
  ],
  "AUROC": 0.9146088144663242,
  "AUPRC": 0.7707870331313998,
  "ECE": 0.024217033675978984
}