{
  "n_epochs": 66918,
  "acc": 0.7055052452254998,
  "macro_f1": 0.6815323944613186,
  "kappa": 0.578088390263743,
  "f1_per_class": {
    "Wake": 0.8283760212980814,
    "Light": 0.6679547543566753,
    "Deep": 0.6140563612552747,
    "REM": 0.6157424409352431
  },
  "cm": [
    [
      18047,
      3885,
      89,
      907
    ],
    [
      2136,
      17804,
      2611,
      2480
    ],
    [
      306,
      4402,
      6330,
      427
    ],
    [
      155,
      2187,
      122,
      5030
    ]
  ],
  "AUROC": 0.8987996999184783,
  "AUPRC": 0.7364322891988203,
  "ECE": 0.010070212589988628
}