{
  "model": "wang_dualstream",
  "cohort": "mesa",
  "seed": 42,
  "fold": 0,
  "best_epoch": 40,
  "best_val_macroF1": 0.7288034056239215,
  "test_metrics": {
    "n_epochs": 438694,
    "acc": 0.7978021126343191,
    "macro_f1": 0.7391435232679041,
    "kappa": 0.6953559166720571,
    "f1_per_class": {
      "Wake": 0.8937675232142398,
      "Light": 0.783000333131356,
      "Deep": 0.4736706180108985,
      "REM": 0.8061356187151226
    },
    "cm": [
      [
        138988,
        18508,
        647,
        3338
      ],
      [
        9417,
        149252,
        30049,
        8133
      ],
      [
        150,
        9053,
        18341,
        133
      ],
      [
        980,
        7567,
        728,
        43410
      ]
    ],
    "AUROC": 0.9401182314882837,
    "AUPRC": 0.7775485186086852,
    "ECE": 0.04306146212599235
  },
  "n_params_M": 14.864582,
  "wall_time_min": 285.86
}