{
  "model": "v8",
  "cohort": "mesa",
  "seed": 1337,
  "fold": 1,
  "best_epoch": 48,
  "best_val_macroF1": 0.7503222885320396,
  "test_metrics": {
    "n_epochs": 443764,
    "acc": 0.8084882955805338,
    "macro_f1": 0.7457773559054355,
    "kappa": 0.7077768702577478,
    "f1_per_class": {
      "Wake": 0.8930297818133706,
      "Light": 0.7970921608253179,
      "Deep": 0.5248766822970586,
      "REM": 0.7681107986859946
    },
    "cm": [
      [
        145116,
        17863,
        325,
        4350
      ],
      [
        11021,
        154219,
        18608,
        12551
      ],
      [
        206,
        11480,
        17238,
        418
      ],
      [
        1000,
        6993,
        171,
        42205
      ]
    ],
    "AUROC": 0.9483743478047141,
    "AUPRC": 0.7906337887982258,
    "ECE": 0.010377156004431747
  },
  "n_params_M": 27.215124,
  "wall_time_min": 828.1
}