{
  "n_epochs": 440920,
  "acc": 0.8133380205025855,
  "macro_f1": 0.748982156085817,
  "kappa": 0.7146824557275189,
  "f1_per_class": {
    "Wake": 0.8973853723022818,
    "Light": 0.8023243806986566,
    "Deep": 0.5197024147279491,
    "REM": 0.7765164566143803
  },
  "cm": [
    [
      143911,
      16542,
      359,
      3821
    ],
    [
      11013,
      155399,
      18122,
      12377
    ],
    [
      112,
      11507,
      16486,
      220
    ],
    [
      1065,
      7013,
      152,
      42821
    ]
  ],
  "AUROC": 0.9510685717524896,
  "AUPRC": 0.7946033240347807,
  "ECE": 0.009179514519593833
}