{
  "n_epochs": 66584,
  "acc": 0.7428060795386279,
  "macro_f1": 0.7257170937873719,
  "kappa": 0.6323636949687294,
  "f1_per_class": {
    "Wake": 0.8552690136556343,
    "Light": 0.704260982839019,
    "Deep": 0.6498849252013809,
    "REM": 0.6934534534534534
  },
  "cm": [
    [
      18257,
      2344,
      149,
      580
    ],
    [
      2661,
      18652,
      4488,
      2075
    ],
    [
      220,
      2159,
      6777,
      130
    ],
    [
      225,
      1938,
      156,
      5773
    ]
  ],
  "AUROC": 0.9212202378217582,
  "AUPRC": 0.7903210121469455,
  "ECE": 0.012365531566179415
}