{
  "model": "v8",
  "cohort": "mesa",
  "seed": 42,
  "fold": 3,
  "best_epoch": 49,
  "best_val_macroF1": 0.7484772407942236,
  "test_metrics": {
    "n_epochs": 438593,
    "acc": 0.8125574279571265,
    "macro_f1": 0.7447671811734453,
    "kappa": 0.7116808393930296,
    "f1_per_class": {
      "Wake": 0.8940026705304128,
      "Light": 0.8048029054109199,
      "Deep": 0.5057339072717116,
      "REM": 0.7745292414807368
    },
    "cm": [
      [
        141606,
        16349,
        201,
        3633
      ],
      [
        11977,
        157780,
        16990,
        11433
      ],
      [
        177,
        12294,
        15391,
        226
      ],
      [
        1242,
        7493,
        196,
        41605
      ]
    ],
    "AUROC": 0.9483423381312978,
    "AUPRC": 0.790768598061125,
    "ECE": 0.007841589687203762
  },
  "n_params_M": 27.215124,
  "wall_time_min": 843.11
}