{
  "n_epochs": 66657,
  "acc": 0.7163688734866556,
  "macro_f1": 0.6999281708269262,
  "kappa": 0.5908572706256963,
  "f1_per_class": {
    "Wake": 0.8137415179271269,
    "Light": 0.6771125633251097,
    "Deep": 0.6379661707764419,
    "REM": 0.6708924312790261
  },
  "cm": [
    [
      18168,
      3578,
      257,
      375
    ],
    [
      3407,
      17977,
      3328,
      2053
    ],
    [
      271,
      2821,
      6261,
      192
    ],
    [
      429,
      1958,
      237,
      5345
    ]
  ],
  "AUROC": 0.9065445939860068,
  "AUPRC": 0.7698674087782098,
  "ECE": 0.02003420225278106
}