{
  "model": "insightsleepnet",
  "cohort": "cfs",
  "seed": 42,
  "fold": 4,
  "best_epoch": 50,
  "best_val_macroF1": 0.6908248197302691,
  "test_metrics": {
    "n_epochs": 66657,
    "acc": 0.7163688734866556,
    "macro_f1": 0.6999281708269262,
    "kappa": 0.5908572706256963,
    "f1_per_class": {
      "Wake": 0.8137415179271269,
      "Light": 0.6771125633251097,
      "Deep": 0.6379661707764419,
      "REM": 0.6708924312790261
    },
    "cm": [
      [
        18168,
        3578,
        257,
        375
      ],
      [
        3407,
        17977,
        3328,
        2053
      ],
      [
        271,
        2821,
        6261,
        192
      ],
      [
        429,
        1958,
        237,
        5345
      ]
    ],
    "AUROC": 0.9065445939860068,
    "AUPRC": 0.7698674087782098,
    "ECE": 0.02003420225278106
  },
  "n_params_M": 0.751529,
  "wall_time_min": 18.18
}