{
  "n_epochs": 438593,
  "acc": 0.7981431532194996,
  "macro_f1": 0.7331522243840507,
  "kappa": 0.6924799339545777,
  "f1_per_class": {
    "Wake": 0.88905420851985,
    "Light": 0.787526043209193,
    "Deep": 0.4544101486973334,
    "REM": 0.8016184971098266
  },
  "cm": [
    [
      139225,
      18926,
      562,
      3076
    ],
    [
      10431,
      152897,
      26360,
      8492
    ],
    [
      330,
      11332,
      16334,
      92
    ],
    [
      1423,
      6962,
      547,
      41604
    ]
  ],
  "AUROC": 0.9364055739628604,
  "AUPRC": 0.7712192779341387,
  "ECE": 0.05954905829061816
}