{
  "model": "v8_full_with_ultradian",
  "cohort": "mesa",
  "seed": 42,
  "fold": 3,
  "best_epoch": 47,
  "best_val_macroF1": 0.7510772027368794,
  "test_metrics": {
    "n_epochs": 438593,
    "acc": 0.8123294261422321,
    "macro_f1": 0.7451022467914624,
    "kappa": 0.7116331751657234,
    "f1_per_class": {
      "Wake": 0.8925736494954992,
      "Light": 0.8054022313564297,
      "Deep": 0.5130858592602484,
      "REM": 0.7693472470536723
    },
    "cm": [
      [
        141007,
        16487,
        203,
        4092
      ],
      [
        11787,
        157734,
        16083,
        12576
      ],
      [
        191,
        12274,
        15370,
        253
      ],
      [
        1182,
        7015,
        168,
        42171
      ]
    ],
    "AUROC": 0.9482998451669248,
    "AUPRC": 0.7920801587738963,
    "ECE": 0.011872123180423546
  },
  "n_params_M": 27.365268,
  "wall_time_min": 866.4
}