{
  "n_epochs": 66880,
  "acc": 0.7350927033492823,
  "macro_f1": 0.7186299650159743,
  "kappa": 0.6188370412277475,
  "f1_per_class": {
    "Wake": 0.8581717583649329,
    "Light": 0.6966903375381077,
    "Deep": 0.6116819141449684,
    "REM": 0.7079758500158883
  },
  "cm": [
    [
      17992,
      2630,
      145,
      371
    ],
    [
      2431,
      19082,
      4711,
      1475
    ],
    [
      223,
      2982,
      6519,
      93
    ],
    [
      147,
      2386,
      123,
      5570
    ]
  ],
  "AUROC": 0.9185233901591434,
  "AUPRC": 0.7907040445722495,
  "ECE": 0.021249299475468664
}