{
  "model": "insightsleepnet",
  "cohort": "mesa",
  "seed": 42,
  "fold": 0,
  "best_epoch": 50,
  "best_val_macroF1": 0.717463755226795,
  "test_metrics": {
    "n_epochs": 438694,
    "acc": 0.7852626204142296,
    "macro_f1": 0.716360989017452,
    "kappa": 0.6712057467202859,
    "f1_per_class": {
      "Wake": 0.8683370288248337,
      "Light": 0.7772822206446702,
      "Deep": 0.47538183279742763,
      "REM": 0.7444428738028767
    },
    "cm": [
      [
        137067,
        19339,
        433,
        4642
      ],
      [
        15385,
        151099,
        17030,
        13337
      ],
      [
        312,
        12779,
        14193,
        393
      ],
      [
        1455,
        8720,
        379,
        42131
      ]
    ],
    "AUROC": 0.9363501843690039,
    "AUPRC": 0.7660041975810294,
    "ECE": 0.007078160734878413
  },
  "n_params_M": 0.751529,
  "wall_time_min": 110.54
}