{
  "model": "v8",
  "cohort": "mesa",
  "seed": 2024,
  "fold": 0,
  "best_epoch": 45,
  "best_val_macroF1": 0.7455840348345624,
  "test_metrics": {
    "n_epochs": 438694,
    "acc": 0.812094535142947,
    "macro_f1": 0.7409594391398882,
    "kappa": 0.7112847310264168,
    "f1_per_class": {
      "Wake": 0.8935388032409697,
      "Light": 0.8062899892472298,
      "Deep": 0.49196674008434493,
      "REM": 0.7720422239870081
    },
    "cm": [
      [
        140001,
        17181,
        213,
        4086
      ],
      [
        10388,
        158592,
        16105,
        11766
      ],
      [
        261,
        12738,
        14407,
        271
      ],
      [
        1232,
        8025,
        167,
        43261
      ]
    ],
    "AUROC": 0.9480217160515405,
    "AUPRC": 0.7880429422739599,
    "ECE": 0.010776813802113927
  },
  "n_params_M": 27.215124,
  "wall_time_min": 825.54
}