{
  "n_epochs": 440920,
  "acc": 0.8180645014968702,
  "macro_f1": 0.7487561885168148,
  "kappa": 0.7202301346310609,
  "f1_per_class": {
    "Wake": 0.8996434570306403,
    "Light": 0.8098071001814808,
    "Deep": 0.5078197181205799,
    "REM": 0.777754478734558
  },
  "cm": [
    [
      144077,
      16753,
      195,
      3608
    ],
    [
      10289,
      158855,
      15633,
      12134
    ],
    [
      148,
      12824,
      15115,
      238
    ],
    [
      1151,
      6985,
      261,
      42654
    ]
  ],
  "AUROC": 0.9516997294637768,
  "AUPRC": 0.7954997091295523,
  "ECE": 0.004661971808242287
}