{
  "model": "dca_sleep",
  "cohort": "cfs",
  "seed": 42,
  "fold": 4,
  "best_epoch": 44,
  "best_val_macroF1": 0.6655855008795496,
  "test_metrics": {
    "n_epochs": 66657,
    "acc": 0.6836341269484075,
    "macro_f1": 0.6558002542165786,
    "kappa": 0.5481786441053544,
    "f1_per_class": {
      "Wake": 0.8362713734142306,
      "Light": 0.6263195210335591,
      "Deep": 0.552569280044562,
      "REM": 0.6080408423739629
    },
    "cm": [
      [
        18952,
        2592,
        268,
        566
      ],
      [
        3147,
        15901,
        5576,
        2141
      ],
      [
        291,
        3072,
        5952,
        230
      ],
      [
        557,
        2446,
        202,
        4764
      ]
    ],
    "AUROC": 0.8884796114385283,
    "AUPRC": 0.7139596945908132,
    "ECE": 0.04457096686226515
  },
  "n_params_M": 33.322404,
  "wall_time_min": 82.61
}