{
  "model": "v8_full_with_ultradian",
  "cohort": "mesa",
  "seed": 42,
  "fold": 1,
  "best_epoch": 49,
  "best_val_macroF1": 0.7462066865470389,
  "test_metrics": {
    "n_epochs": 443764,
    "acc": 0.8045785597750156,
    "macro_f1": 0.7388347049573645,
    "kappa": 0.7010633445033834,
    "f1_per_class": {
      "Wake": 0.8901323954679422,
      "Light": 0.7936294210153045,
      "Deep": 0.508513726530676,
      "REM": 0.7630632768155353
    },
    "cm": [
      [
        144517,
        18553,
        220,
        4364
      ],
      [
        11369,
        154426,
        18037,
        12567
      ],
      [
        252,
        12326,
        16291,
        473
      ],
      [
        917,
        7460,
        183,
        41809
      ]
    ],
    "AUROC": 0.946238510484833,
    "AUPRC": 0.7864843606932679,
    "ECE": 0.013610260363512833
  },
  "n_params_M": 27.365268,
  "wall_time_min": 849.01
}