{
  "model": "insightsleepnet",
  "cohort": "cfs",
  "seed": 42,
  "fold": 2,
  "best_epoch": 46,
  "best_val_macroF1": 0.6968401638217718,
  "test_metrics": {
    "n_epochs": 66634,
    "acc": 0.6802983461896329,
    "macro_f1": 0.6659642916689072,
    "kappa": 0.5430756086181829,
    "f1_per_class": {
      "Wake": 0.7807143921705002,
      "Light": 0.656132430398796,
      "Deep": 0.5740033026657232,
      "REM": 0.6530070414406095
    },
    "cm": [
      [
        15715,
        3780,
        478,
        688
      ],
      [
        3224,
        17876,
        4406,
        2354
      ],
      [
        332,
        3071,
        6083,
        408
      ],
      [
        326,
        1902,
        334,
        5657
      ]
    ],
    "AUROC": 0.8832418221504688,
    "AUPRC": 0.7176259119820074,
    "ECE": 0.024023806194631937
  },
  "n_params_M": 0.751529,
  "wall_time_min": 18.12
}