{
  "n_epochs": 438694,
  "acc": 0.8137881986076856,
  "macro_f1": 0.7398442615086633,
  "kappa": 0.7121682332525461,
  "f1_per_class": {
    "Wake": 0.8902925531914893,
    "Light": 0.8093894639612053,
    "Deep": 0.4791214358083659,
    "REM": 0.780573593073593
  },
  "cm": [
    [
      139256,
      18277,
      212,
      3736
    ],
    [
      10601,
      161232,
      14064,
      10954
    ],
    [
      264,
      13942,
      13241,
      230
    ],
    [
      1230,
      8102,
      78,
      43275
    ]
  ],
  "AUROC": 0.9480375335581445,
  "AUPRC": 0.7867300950854372,
  "ECE": 0.009635108037710734
}