{
  "model": "v8",
  "cohort": "cfs",
  "seed": 2024,
  "fold": 2,
  "best_epoch": 41,
  "best_val_macroF1": 0.720041787014558,
  "test_metrics": {
    "n_epochs": 66634,
    "acc": 0.7133595461776271,
    "macro_f1": 0.6975092322768325,
    "kappa": 0.5925573597102859,
    "f1_per_class": {
      "Wake": 0.8229522600800547,
      "Light": 0.6843253818948002,
      "Deep": 0.6053998409059005,
      "REM": 0.6773594462265743
    },
    "cm": [
      [
        16859,
        2802,
        266,
        734
      ],
      [
        2577,
        18188,
        4509,
        2586
      ],
      [
        460,
        2753,
        6469,
        212
      ],
      [
        415,
        1553,
        233,
        6018
      ]
    ],
    "AUROC": 0.8997559263204373,
    "AUPRC": 0.752756770480915,
    "ECE": 0.03158112904518976
  },
  "n_params_M": 27.215124,
  "wall_time_min": 136.38
}