{
  "model": "dca_sleep",
  "cohort": "mesa",
  "seed": 42,
  "fold": 1,
  "best_epoch": 46,
  "best_val_macroF1": 0.7187397671869423,
  "test_metrics": {
    "n_epochs": 443764,
    "acc": 0.7747496417014449,
    "macro_f1": 0.698641195335668,
    "kappa": 0.6556258627909715,
    "f1_per_class": {
      "Wake": 0.8717641590389016,
      "Light": 0.7600524464040318,
      "Deep": 0.39967976710334785,
      "REM": 0.763068408796391
    },
    "cm": [
      [
        146289,
        16684,
        1025,
        3656
      ],
      [
        18603,
        144630,
        24186,
        8980
      ],
      [
        824,
        14319,
        13729,
        470
      ],
      [
        2246,
        8547,
        418,
        39158
      ]
    ],
    "AUROC": 0.9281200736162069,
    "AUPRC": 0.7396704229200849,
    "ECE": 0.04095506130524254
  },
  "n_params_M": 33.322404,
  "wall_time_min": 499.28
}