{
  "model": "v8",
  "cohort": "cfs",
  "seed": 42,
  "fold": 0,
  "best_epoch": 35,
  "best_val_macroF1": 0.7247667174396067,
  "test_metrics": {
    "n_epochs": 66918,
    "acc": 0.7308945276308317,
    "macro_f1": 0.7156365655876672,
    "kappa": 0.6158081998409861,
    "f1_per_class": {
      "Wake": 0.8371098371098371,
      "Light": 0.6839283986453797,
      "Deep": 0.6769843962008141,
      "REM": 0.6645236303946378
    },
    "cm": [
      [
        18398,
        3720,
        252,
        558
      ],
      [
        2172,
        17671,
        3615,
        1573
      ],
      [
        282,
        3062,
        7983,
        138
      ],
      [
        176,
        2191,
        269,
        4858
      ]
    ],
    "AUROC": 0.9142585479146594,
    "AUPRC": 0.7778449528162272,
    "ECE": 0.018512008254482227
  },
  "n_params_M": 27.215124,
  "wall_time_min": 134.02
}