{
  "model": "dca_sleep",
  "cohort": "mesa",
  "seed": 42,
  "fold": 3,
  "best_epoch": 47,
  "best_val_macroF1": 0.710358015053057,
  "test_metrics": {
    "n_epochs": 438593,
    "acc": 0.7887950788088273,
    "macro_f1": 0.7061086458258949,
    "kappa": 0.6734835144645146,
    "f1_per_class": {
      "Wake": 0.8756765905166064,
      "Light": 0.7827689530868956,
      "Deep": 0.39487179487179486,
      "REM": 0.7711172448282827
    },
    "cm": [
      [
        139698,
        18239,
        420,
        3432
      ],
      [
        15323,
        154391,
        18837,
        9629
      ],
      [
        699,
        15316,
        11781,
        292
      ],
      [
        1554,
        8348,
        544,
        40090
      ]
    ],
    "AUROC": 0.9287834543622234,
    "AUPRC": 0.7413130094616854,
    "ECE": 0.03296477761995961
  },
  "n_params_M": 33.322404,
  "wall_time_min": 500.6
}