{
  "n_epochs": 438593,
  "acc": 0.8122336653799764,
  "macro_f1": 0.73680852581707,
  "kappa": 0.7100615037899052,
  "f1_per_class": {
    "Wake": 0.8929398476789017,
    "Light": 0.8069262006276268,
    "Deep": 0.47928275467923986,
    "REM": 0.7680853002825117
  },
  "cm": [
    [
      141514,
      16250,
      170,
      3855
    ],
    [
      12007,
      159167,
      14162,
      12844
    ],
    [
      458,
      13858,
      13418,
      354
    ],
    [
      1194,
      7047,
      154,
      42141
    ]
  ],
  "AUROC": 0.9454282486671751,
  "AUPRC": 0.7834178301396653,
  "ECE": 0.01143633158076699
}