{
  "model": "plain_transformer",
  "cohort": "cfs",
  "seed": 42,
  "fold": 4,
  "best_epoch": 42,
  "best_val_macroF1": 0.709647168862725,
  "test_metrics": {
    "n_epochs": 66657,
    "acc": 0.7421576128538638,
    "macro_f1": 0.7252566375322059,
    "kappa": 0.6310701366422306,
    "f1_per_class": {
      "Wake": 0.8508049592894151,
      "Light": 0.7043034226162228,
      "Deep": 0.6536544850498338,
      "REM": 0.6922636831733519
    },
    "cm": [
      [
        18391,
        3271,
        364,
        352
      ],
      [
        2053,
        18551,
        4422,
        1739
      ],
      [
        242,
        1994,
        7083,
        226
      ],
      [
        168,
        2098,
        258,
        5445
      ]
    ],
    "AUROC": 0.920493010139009,
    "AUPRC": 0.7956404665475176,
    "ECE": 0.030697060951722383
  },
  "n_params_M": 27.136372,
  "wall_time_min": 140.01
}