{
  "n_epochs": 66918,
  "acc": 0.7184614005200395,
  "macro_f1": 0.7050181116043245,
  "kappa": 0.6038074773607374,
  "f1_per_class": {
    "Wake": 0.8497419008245158,
    "Light": 0.6603462820873338,
    "Deep": 0.6421745764072914,
    "REM": 0.6678096870981568
  },
  "cm": [
    [
      18190,
      3784,
      391,
      563
    ],
    [
      1307,
      16438,
      4826,
      2460
    ],
    [
      244,
      2863,
      7997,
      361
    ],
    [
      144,
      1670,
      227,
      5453
    ]
  ],
  "AUROC": 0.9094674962991557,
  "AUPRC": 0.7638622823555482,
  "ECE": 0.04115924305828401
}