{
  "n_epochs": 66584,
  "acc": 0.6988465697464856,
  "macro_f1": 0.6693389573734059,
  "kappa": 0.5661564924235293,
  "f1_per_class": {
    "Wake": 0.8457916282151393,
    "Light": 0.6646238532110091,
    "Deep": 0.5514881970578174,
    "REM": 0.6154521510096574
  },
  "cm": [
    [
      17872,
      2619,
      268,
      571
    ],
    [
      2542,
      18111,
      5039,
      2184
    ],
    [
      135,
      3317,
      5642,
      192
    ],
    [
      382,
      2577,
      226,
      4907
    ]
  ],
  "AUROC": 0.8922495881665241,
  "AUPRC": 0.7163038092172287,
  "ECE": 0.03293695593406973
}