{
  "n_epochs": 66634,
  "acc": 0.7119938769997298,
  "macro_f1": 0.6934142940762996,
  "kappa": 0.5903069022994012,
  "f1_per_class": {
    "Wake": 0.8287279426022881,
    "Light": 0.6810985825348719,
    "Deep": 0.6131268996960485,
    "REM": 0.65070375147199
  },
  "cm": [
    [
      17095,
      2673,
      224,
      669
    ],
    [
      2688,
      18091,
      4165,
      2916
    ],
    [
      410,
      2802,
      6455,
      227
    ],
    [
      402,
      1697,
      318,
      5802
    ]
  ],
  "AUROC": 0.9023845795250611,
  "AUPRC": 0.746869598271629,
  "ECE": 0.03433867522624123
}