{
  "model": "v8_full_with_ultradian",
  "cohort": "mesa",
  "seed": 42,
  "fold": 0,
  "best_epoch": 47,
  "best_val_macroF1": 0.7395920810272801,
  "test_metrics": {
    "n_epochs": 438694,
    "acc": 0.8094845154025357,
    "macro_f1": 0.7405160007878895,
    "kappa": 0.7073411352898449,
    "f1_per_class": {
      "Wake": 0.8889766992100283,
      "Light": 0.8040775380749239,
      "Deep": 0.4989312768249518,
      "REM": 0.7700784890416541
    },
    "cm": [
      [
        138359,
        18638,
        246,
        4238
      ],
      [
        10063,
        158704,
        15805,
        12279
      ],
      [
        153,
        12719,
        14589,
        216
      ],
      [
        1221,
        7836,
        164,
        43464
      ]
    ],
    "AUROC": 0.9468633967304521,
    "AUPRC": 0.7864327178900425,
    "ECE": 0.012612224318791205
  },
  "n_params_M": 27.365268,
  "wall_time_min": 856.0
}